PNP 1 - 02 - Výdavky na propagáciu, marketing, peňažné a nepeňažné plnenia za 1. polrok 2018;;;;;;;;;
;;;;;;;;;
Modul 1: Výdavky na propagáciu a marketing;;;;;;;;;
Modul 2: Peňažné a nepeňažné plnenia spolu podľa príjemcu (zdravotnícky pracovník, resp. poskytovateľ zdravotnej starostlivosti);;;;;;;;;
;;;;;;;;;
Spoločnosť poskytujúca plnenie;;;;Výdavky na marketing a propagáciu;;"Výdavky na peňažné plnenia Spolu
(v EUR s DPH)";;"Výdavky na nepeňažné plnenia Spolu
(v EUR s DPH)";
Názov spoločnosti;Obec sídla spoločnosti;Okres sídla spoločnosti;Kraj sídla spoločnosti;Výdavky na marketing;Výdavky na propagáciu lieku;Zdravotnícky pracovník;Poskytovateľ zdravotnej starostlivosti;Zdravotnícky pracovník;Poskytovateľ zdravotnej starostlivosti
NAZOV;SIDSPOL_OBEC_POP_ST;SIDSPOL_OKRES_POP_ST;SIDSPOL_KRAJ_POP_ST;VYD_MARKET;VYD_PROP_LIEK;DAR_PEN_1;DAR_PEN_2;DAR_NEPEN_1;DAR_NEPEN_2
U zeleného hada spol. s r.o.;Zvolen;Okres Zvolen;Banskobystrický kraj;0,00;0,00;;;;
VARTEX S.R.O.;Krupina;Okres Krupina;Banskobystrický kraj;;;;;;
PaedDr.Nadežda Simanová - Lekáreň Podlavice;Banská Bystrica;Okres Banská Bystrica;Banskobystrický kraj;0,00;0,00;;;;
M.J.TEAM, s.r.o.;Zvolen;Okres Zvolen;Banskobystrický kraj;0,00;0,00;;;;
Lekáreň pri Artézske s.r.o.;Lučenec;Okres Lučenec;Banskobystrický kraj;0,00;0,00;;;;
nolux;Banská Bystrica;Okres Banská Bystrica;Banskobystrický kraj;0,00;0,00;;;;
Lekáreň Biely Lev s.r.o.;Veľký Krtíš;Okres Veľký Krtíš;Banskobystrický kraj;239,04;;;;;
Spasiteľ, s.r.o.;Zvolen;Okres Zvolen;Banskobystrický kraj;0,00;0,00;;;;
Lekáreň Flora, s.r.o.;Žiar nad Hronom;Okres Žiar nad Hronom;Banskobystrický kraj;0,00;0,00;;;;
REGIA LC s.r.o.;Lučenec;Okres Lučenec;Banskobystrický kraj;0,00;0,00;;;;
PRAMEN ZVOLEN s.r.o.;Zvolen;Okres Zvolen;Banskobystrický kraj;0,00;0,00;;;;
Lekáreň RIMAVA s.r.o.;Rimavská Sobota;Okres Rimavská Sobota;Banskobystrický kraj;0,00;0,00;;;;
Anthya s.r.o.;Nová Baňa;Okres Žarnovica;Banskobystrický kraj;0,00;0,00;;;;
TS Pharma s.r.o.;Banská Bystrica;Okres Banská Bystrica;Banskobystrický kraj;34 148,96;5 650,00;;;;
Srnkapharm s.r.o.;Beňuš;Okres Brezno;Banskobystrický kraj;13 000,00;0,00;;;;
Média-RS s.r.o.;Rimavská Sobota;Okres Rimavská Sobota;Banskobystrický kraj;350,00;0,00;;;;
Delpharm s.r.o.;Sása;Okres Zvolen;Banskobystrický kraj;0,00;0,00;;;;
Eddie,s.r.o.;Lučenec;Okres Lučenec;Banskobystrický kraj;0,00;0,00;;;;
milpharm 1, s.r.o.;Brezno;Okres Brezno;Banskobystrický kraj;0,00;0,00;;;;
Miraxis s.r.o.;Rimavská Sobota;Okres Rimavská Sobota;Banskobystrický kraj;439,00;;;;;
RBProtetika;Lučenec;Okres Lučenec;Banskobystrický kraj;0,00;0,00;;;;
Arnica Montana BB, s.r.o.;Banská Bystrica;Okres Banská Bystrica;Banskobystrický kraj;0,00;0,00;;;;
Spasiteľ SK, s.r.o.;Zvolen;Okres Zvolen;Banskobystrický kraj;0,00;0,00;;;;
M.J. TEAM SK, s.r.o.;Zvolen;Okres Zvolen;Banskobystrický kraj;0,00;0,00;;;;
Národný onkologický ústav;Bratislava - Nové Mesto;Okres Bratislava III;Bratislavský kraj;0,00;0,00;;;;
INTEC PHARMA s.r.o.;Bratislava - Nové Mesto;Okres Bratislava III;Bratislavský kraj;;;;;;
MGP, spol. s r. o.;Bratislava - Petržalka;Okres Bratislava V;Bratislavský kraj;10 320,78;28 779,98;28 699,76;;9 618,43;
Messer Tatragas, spol.s.r.o.;Bratislava - Staré Mesto;Okres Bratislava I;Bratislavský kraj;0,00;0,00;;;;
SYNERGIA a.s.;Bratislava - Podunajské Biskupice;Okres Bratislava II;Bratislavský kraj;0,00;0,00;;;;
Berlin-Chemie A.G. - obchodné zastúpenie v SR;Bratislava - Staré Mesto;Okres Bratislava I;Bratislavský kraj;71 084,55;16 733,00;25 050,00;151 224,04;141 535,51;144 737,84
Galderma-Spirig česká a Slovenská republika a.s.;Bratislava - Nové Mesto;Okres Bratislava III;Bratislavský kraj;456 546,37;18 717,49;3 400,00;;12 646,97;
Octapharma AG, o.z.z.o.;Bratislava - Staré Mesto;Okres Bratislava I;Bratislavský kraj;10 759,00;;;;4 505,27;3 648,21
Interpharm spol.s.r.o.;Bratislava - Podunajské Biskupice;Okres Bratislava II;Bratislavský kraj;0,00;0,00;;;;
Merck spol. s r.o.;Bratislava - Staré Mesto;Okres Bratislava I;Bratislavský kraj;481 882,64;7 224,00;96 205,32;6 115,00;100 053,09;
sanofi-aventis Slovakia s.r.o.;Bratislava - Petržalka;Okres Bratislava V;Bratislavský kraj;0,00;0,00;;;;
Hikma Pharmaceuticals LTD, CO;Bratislava - Ružinov;Okres Bratislava II;Bratislavský kraj;36 418,80;2 903,64;27 060,00;650,00;;
Naturprodukt s.r.o.;Ivanka pri Dunaji;Okres Senec;Bratislavský kraj;59 906,16;92 736,36;;2 295,00;;
Ewopharma spol. s r.o.;Bratislava - Nové Mesto;Okres Bratislava III;Bratislavský kraj;78 325,16;51 201,48;5 768,45;7 285,00;6 834,77;3 466,54
Johnson & Johnson, s.r.o.;Bratislava - Ružinov;Okres Bratislava II;Bratislavský kraj;416 537,95;95 259,23;105 158,05;;216 611,77;
LACOMED SK, s.r.o.;Bratislava - Karlova Ves;Okres Bratislava IV;Bratislavský kraj;;;;;;
B. Braun Medical s.r.o.;Bratislava - Nové Mesto;Okres Bratislava III;Bratislavský kraj;17 191,00;;21 219,59;65 628,70;;
Reckitt Benckiser (Slovak Republic) spol. s.r.o.;Bratislava - Ružinov;Okres Bratislava II;Bratislavský kraj;538 380,00;47 947,00;;;;
Takeda Pharmaceuticals Slovakia s.r.o.;Bratislava - Ružinov;Okres Bratislava II;Bratislavský kraj;345 493,00;131 433,00;50 486,01;1 200,00;52 654,30;
BGN s.r.o.;Bratislava - Nové Mesto;Okres Bratislava III;Bratislavský kraj;0,00;0,00;;;;
MichalekPharm, spol. s r.o.;Bratislava - Rača;Okres Bratislava III;Bratislavský kraj;301,60;0,00;;;;
Pro futuro s.r.o.;Bratislava - Nové Mesto;Okres Bratislava III;Bratislavský kraj;0,00;0,00;;;;
Izomedact, spol. s r.o.;Bratislava - Ružinov;Okres Bratislava II;Bratislavský kraj;0,00;0,00;;;;
Rhea spol. s r.o.;Bratislava - Nové Mesto;Okres Bratislava III;Bratislavský kraj;0,00;0,00;;;;
ARIES 94, s.r.o.;Bratislava - Vajnory;Okres Bratislava III;Bratislavský kraj;8 532,57;;;;87,10;
Zentiva, a.s.;Bratislava - Petržalka;Okres Bratislava V;Bratislavský kraj;237 704,90;158 469,90;4 549,80;200,00;275 475,22;12 640,26
BEATRIX s.r.o.;Bratislava - Rača;Okres Bratislava III;Bratislavský kraj;153,80;0,00;;;;
COIMPEX, s.r.o.;Bratislava - Staré Mesto;Okres Bratislava I;Bratislavský kraj;0,00;0,00;;;;
BENU SK 56, s.r.o.;Bratislava - Rača;Okres Bratislava III;Bratislavský kraj;;;671,01;;;
SlovenaPharm s.r.o.;Bratislava - Rača;Okres Bratislava III;Bratislavský kraj;150,80;0,00;;;;
MEDICPRODUCT, a.s.;Bratislava - Staré Mesto;Okres Bratislava I;Bratislavský kraj;0,00;0,00;;;;
BENU SK 57, s.r.o.;Bratislava - Rača;Okres Bratislava III;Bratislavský kraj;45,00;;;;;
MEDICAL GROUP SK a.s.;Bratislava - Nové Mesto;Okres Bratislava III;Bratislavský kraj;0,00;0,00;;;;
MEDOCHEMIE LTD organizačná zložka zahraničnej osoby;Bratislava - Staré Mesto;Okres Bratislava I;Bratislavský kraj;28 364,00;11 570,00;3 754,77;17 032,00;633,56;
UCB s.r.o., organizačná zložka ;Bratislava - Staré Mesto;Okres Bratislava I;Bratislavský kraj;22 933,61;4 562,00;11 450,00;;7 737,46;
Mundipharma Gesellschaft m.b.H organizač;Bratislava - Ružinov;Okres Bratislava II;Bratislavský kraj;143 413,00;22 666,00;11 800,00;2 700,00;34 190,10;2 199,67
GRIFOLS INTERNATIONAL S.A., obchodné zastúpenie pre Slovensko;Bratislava - Ružinov;Okres Bratislava II;Bratislavský kraj;8 669,26;3 000,00;;;6 168,26;67,27
Wörwag Pharma GmbH & Co. KG, organizačná zložka Bratislava - Držiteľ povolenia na veľkodistribúciu liekov;Bratislava - Ružinov;Okres Bratislava II;Bratislavský kraj;;;;;;
Wörwag Pharma GmbH & Co. KG, organizačná zložka Bratislava - Držiteľ registrácie humánneho lieku;Bratislava - Ružinov;Okres Bratislava II;Bratislavský kraj;468 869,00;879 533,00;64 555,00;52 640,56;48 813,16;
AstraZeneca AB, organizačná zložka;Bratislava - Staré Mesto;Okres Bratislava I;Bratislavský kraj;1 978,71;0,00;57 840,33;303 247,00;;
lekáreň EGI;Malacky;Okres Malacky;Bratislavský kraj;;;;;;
OrthoPharm s.r.o.;Bratislava - Rača;Okres Bratislava III;Bratislavský kraj;150,80;0,00;;;;
Pharmevid s.r.o.;Bratislava - Petržalka;Okres Bratislava V;Bratislavský kraj;975,48;5 040,00;;;375,92;
INTERCLASSWOOD s.r.o.;Bratislava - Rača;Okres Bratislava III;Bratislavský kraj;150,80;0,00;;;;
PHOENIX Zdravotnícke zásobovanie, a.s.;Bratislava - Rača;Okres Bratislava III;Bratislavský kraj;772 163,32;;;313 440,00;;0,00
EGIS SLOVAKIA s.r.o. - Držiteľ registrácie humánneho lieku;Bratislava - Ružinov;Okres Bratislava II;Bratislavský kraj;511 487,51;30 573,46;123 490,00;5 160,00;89 136,41;6 686,15
EGIS SLOVAKIA s.r.o. - Držiteľ povolenia na veľkodistribúciu liekov;Bratislava - Ružinov;Okres Bratislava II;Bratislavský kraj;0,00;0,00;;;;
NzPharm s.r.o.;Bratislava - Rača;Okres Bratislava III;Bratislavský kraj;2 491,54;0,00;;;;
Jaroslav Šefčík - ŠEFPROT;Bratislava - Nové Mesto;Okres Bratislava III;Bratislavský kraj;0,00;0,00;;;;
Onkologický ústav sv. Alžbety;Bratislava - Staré Mesto;Okres Bratislava I;Bratislavský kraj;0,00;0,00;;;;
sanofi- aventis Pharma Slovakia s.r.o.  ;Bratislava - Petržalka;Okres Bratislava V;Bratislavský kraj;994 417,50;662 945,00;17 722,29;1 960,00;77 298,34;0,00
Neoprot;Bratislava - Ružinov;Okres Bratislava II;Bratislavský kraj;15 438,00;0,00;;;;
Zentiva International a.s.  ;Bratislava - Petržalka;Okres Bratislava V;Bratislavský kraj;0,00;0,00;;;;
REGpharm Slovakia, s.r.o.;Bratislava - Staré Mesto;Okres Bratislava I;Bratislavský kraj;;;;;;
SERVIER SLOVENSKO spol. s r.o.;Bratislava - Staré Mesto;Okres Bratislava I;Bratislavský kraj;665 204,19;294 815,61;311 607,72;29 191,90;160 009,70;
GlaxoSmithKline Slovakia s.r.o. - Držiteľ povolenia na veľkodistribúciu liekov;Bratislava - Ružinov;Okres Bratislava II;Bratislavský kraj;0,00;0,00;;;;
GlaxoSmithKline Slovakia s.r.o. - Držiteľ registrácie humánneho lieku;Bratislava - Ružinov;Okres Bratislava II;Bratislavský kraj;0,00;0,00;;;;
GLAXOSMITHKLINE SLOVAKIA S.R.O. - Farmaceutická spoločnosť;Bratislava - Ružinov;Okres Bratislava II;Bratislavský kraj;108 592,18;145 474,88;62 243,20;2 988,50;13 500,99;
TOPIX, s.r.o.;Bratislava - Ružinov;Okres Bratislava II;Bratislavský kraj;0,00;0,00;;;;
NeoBALZAM, s.r.o.;Bratislava - Staré Mesto;Okres Bratislava I;Bratislavský kraj;0,00;0,00;;;;
Bayer, spol. s r.o.;Bratislava - Staré Mesto;Okres Bratislava I;Bratislavský kraj;79 960,54;22 828,72;85 022,50;85 259,67;117 377,78;
LUNDBECK Slovensko s.r.o.;Bratislava - Staré Mesto;Okres Bratislava I;Bratislavský kraj;25 141,53;74 477,27;87 595,45;;120 792,56;
Krewel Meuselbach s.r.o. ;Bratislava - Staré Mesto;Okres Bratislava I;Bratislavský kraj;96 886,32;65 473,90;3 017,20;;;
RECORDATI SK s.r.o.;Bratislava - Rača;Okres Bratislava III;Bratislavský kraj;0,00;64 965,01;42 780,00;1 903,00;3 670,00;
Harmónia Pharm s.r.o.;Bratislava - Rača;Okres Bratislava III;Bratislavský kraj;0,00;0,00;;;;
Magnet Press,s.r.o;Bratislava - Petržalka;Okres Bratislava V;Bratislavský kraj;0,00;0,00;;;;
Glynn Brothers Chemicals Slovakia, s.r.o. ;Bratislava - Podunajské Biskupice;Okres Bratislava II;Bratislavský kraj;310 996,00;;;;;
INTERPHARM Slovakia, a.s.;Bratislava - Podunajské Biskupice;Okres Bratislava II;Bratislavský kraj;0,00;0,00;;;;
R.A.C.Bratislava, spol. s r.o.;Bratislava - Podunajské Biskupice;Okres Bratislava II;Bratislavský kraj;0,00;0,00;;;;
empiria slovakia s.r.o;Bratislava - Ružinov;Okres Bratislava II;Bratislavský kraj;500,00;500,00;;;;
LIEK, s.r.o.;Senec;Okres Senec;Bratislavský kraj;0,00;182 405,62;;;;
Baxter Slovakia s.r.o.;Bratislava - Karlova Ves;Okres Bratislava IV;Bratislavský kraj;78 000,15;;12 202,00;;17 491,94;
Adamed Slovakia s.r.o.;Bratislava - Karlova Ves;Okres Bratislava IV;Bratislavský kraj;179 546,40;49 468,87;2 000,00;;4 783,04;1 635,06
AKACIA PHARMA, s.r.o.;Bratislava - Staré Mesto;Okres Bratislava I;Bratislavský kraj;3 584,39;976,95;;;;
Benela s.r.o.;Bratislava - Karlova Ves;Okres Bratislava IV;Bratislavský kraj;36 882,75;14 869,07;6 846,22;;18 215,31;
Dr. Peithner Bratislava s.r.o. ;Bratislava - Staré Mesto;Okres Bratislava I;Bratislavský kraj;28 494,00;22 103,00;2 298,38;2 709,20;;
BELUPO, s.r.o.;Bratislava - Staré Mesto;Okres Bratislava I;Bratislavský kraj;;;22 580,00;600,00;2 835,38;21 236,65
IBSA Slovakia, s.r.o. - Držiteľ povolenia na veľkodistribúciu liekov;Bratislava - Staré Mesto;Okres Bratislava I;Bratislavský kraj;;;;;;
IBSA Slovakia, s.r.o.;Bratislava - Staré Mesto;Okres Bratislava I;Bratislavský kraj;639 330,00;447 897,00;158 946,00;287 304,09;63 667,79;
Chiesi Slovakia s.r.o.;Bratislava - Staré Mesto;Okres Bratislava I;Bratislavský kraj;60 527,85;;24 088,96;8 660,00;20 775,03;
Schwabe Slovakia, s.r.o.  ;Bratislava - Staré Mesto;Okres Bratislava I;Bratislavský kraj;400 179,00;308 683,00;22 394,68;52 547,00;;
Eli Lilly Slovakia,s.r.o.;Bratislava - Staré Mesto;Okres Bratislava I;Bratislavský kraj;82 887,00;143 100,00;81 552,99;4 474,00;76 806,72;0,00
Meda Pharma spol. s.r.o.;Bratislava - Ružinov;Okres Bratislava II;Bratislavský kraj;92 401,00;40 000,41;59 160,00;2 380,00;55 691,76;
Pfizer Luxembourg SARL;Bratislava - Staré Mesto;Okres Bratislava I;Bratislavský kraj;567 136,84;151 679,66;207 182,69;8 189,79;245 104,00;0,00
Roche Slovensko, s.r.o.;Bratislava - Staré Mesto;Okres Bratislava I;Bratislavský kraj;83 375,98;79 180,99;105 975,77;25 680,71;84 688,64;3 811,50
Akacia, a.s.;Senec;Okres Senec;Bratislavský kraj;;7 102,80;;;;
R-Pharmaservices, s.r.o.   ;Bratislava - Staré Mesto;Okres Bratislava I;Bratislavský kraj;;;;;;
Lekáreň ŠUSTEKOVÁ, s.r.o.;Bratislava - Petržalka;Okres Bratislava V;Bratislavský kraj;615,00;0,00;;615,00;;0,00
PHARMEDCONS, s.r.o.;Bratislava - Karlova Ves;Okres Bratislava IV;Bratislavský kraj;;435,66;;;;
Recept Slovakia s.r.o.;Bratislava - Rača;Okres Bratislava III;Bratislavský kraj;0,00;0,00;;;;
Fresenius Kabi s.r.o., organizačná zložka;Bratislava - Nové Mesto;Okres Bratislava III;Bratislavský kraj;67 921,00;16 111,00;10 578,79;405,00;50 986,56;3 481,06
Harmony-Pharm, s.r.o.;Ivanka pri Dunaji;Okres Senec;Bratislavský kraj;1 372,80;;;;;
LEKAREŇ FARMACIA, s.r.o.-;Pezinok;Okres Pezinok;Bratislavský kraj;0,00;0,00;;;;
MEDACO s.r.o.;Bratislava - Petržalka;Okres Bratislava V;Bratislavský kraj;;;;;;
Teva Pharmaceuticals Slovakia s.r.o. ;Bratislava - Ružinov;Okres Bratislava II;Bratislavský kraj;78 367,65;1 782 129,39;33 591,50;;352 200,82;
LekInvest s.r.o.;Bratislava - Rača;Okres Bratislava III;Bratislavský kraj;0,00;0,00;;;;
hc&ph, s.r.o.;Bratislava - Petržalka;Okres Bratislava V;Bratislavský kraj;0,00;0,00;;;;
Westcor, spol. s r.o.;Bratislava - Staré Mesto;Okres Bratislava I;Bratislavský kraj;0,00;0,00;;;;
GLENMARK PHARMACEUTICALS SK, s.r.o.;Bratislava - Nové Mesto;Okres Bratislava III;Bratislavský kraj;80 542,05;165 326,29;;;2 690,10;
A&D Pharma Slovakia s.r.o.;Bratislava - Ružinov;Okres Bratislava II;Bratislavský kraj;;;;;;
Lekaren pri radnici spol. s r.o.;Bratislava - Devínska Nová Ves;Okres Bratislava IV;Bratislavský kraj;0,00;0,00;;;103,00;
Lekáreň 24 s.r.o.;Bratislava - Rača;Okres Bratislava III;Bratislavský kraj;0,00;0,00;;;;
Medirex Servis, s.r.o.;Pezinok;Okres Pezinok;Bratislavský kraj;0,00;0,00;;;;
FARMAX Slovaika, a.s.;Bratislava - Ružinov;Okres Bratislava II;Bratislavský kraj;;58 770,00;;;;
SANDOZ d.d. - organizačná zložka;Bratislava - Staré Mesto;Okres Bratislava I;Bratislavský kraj;1 079 562,19;262 779,63;129 100,00;94 021,00;115 035,01;
PharmInvest s.r.o.;Bratislava - Rača;Okres Bratislava III;Bratislavský kraj;632,80;0,00;;;;
MiliPharm s.r.o.;Bratislava - Rača;Okres Bratislava III;Bratislavský kraj;3 000,00;0,00;;;;
AOP Orphan Pharmaceuticals AG, organizačná zložka;Bratislava - Podunajské Biskupice;Okres Bratislava II;Bratislavský kraj;1 200,00;;52 322,40;1 560,00;12 725,92;
PHARMACOM, spol. s r.o.;Bratislava - Staré Mesto;Okres Bratislava I;Bratislavský kraj;0,00;1 957,43;;;;
Arimedon;Bratislava - Karlova Ves;Okres Bratislava IV;Bratislavský kraj;0,00;0,00;;;;
Top Pharmex Ružomberok s.r.o.;Bratislava - Rača;Okres Bratislava III;Bratislavský kraj;0,00;0,00;;;;
Pharmacum Nitra s.r.o.;Bratislava - Rača;Okres Bratislava III;Bratislavský kraj;0,00;0,00;;;;
Stallergenes CZ s.r.o., organizačná zložka;Bratislava - Nové Mesto;Okres Bratislava III;Bratislavský kraj;24 598,85;0,00;3 902,80;70 669,70;8 625,51;14 007,90
Allergy Therapeutics (UK) Limited, organizačná zložka;Bratislava - Staré Mesto;Okres Bratislava I;Bratislavský kraj;0,00;960,00;;;;
IlavaMedica s.r.o.;Bratislava - Rača;Okres Bratislava III;Bratislavský kraj;150,80;0,00;;;;
Vitabalans SK s.r.o.;Bratislava - Nové Mesto;Okres Bratislava III;Bratislavský kraj;151 138,69;0,00;;12 073,88;;
IDMC s.r.o;Bratislava - Petržalka;Okres Bratislava V;Bratislavský kraj;0,00;0,00;;;;
Biogen Slovakia s.r.o.;Bratislava - Petržalka;Okres Bratislava V;Bratislavský kraj;58 495,20;17 526,82;64 879,17;23 169,00;38 967,14;
Lekáreň TERNO, s.r.o.;Bratislava - Ružinov;Okres Bratislava II;Bratislavský kraj;0,00;0,00;;;;
Lekáreň Krásno, s.r.o.;Bratislava - Ružinov;Okres Bratislava II;Bratislavský kraj;0,00;0,00;;;;
ZaPharm s.r.o.;Bratislava - Rača;Okres Bratislava III;Bratislavský kraj;301,60;0,00;;;;
DSV Solutions Slovakia s.r.o.;Senec;Okres Senec;Bratislavský kraj;;;;;;
BENU SK 26, s.r.o.;Bratislava - Rača;Okres Bratislava III;Bratislavský kraj;45,00;;2 676,22;;;
BENU SK 36, s.r.o.;Bratislava - Rača;Okres Bratislava III;Bratislavský kraj;12,00;;420,02;;;
PHARMACY-BE, spol.s r.o.;Bratislava - Petržalka;Okres Bratislava V;Bratislavský kraj;;;;;;
BanPharm s.r.o.;Bratislava - Rača;Okres Bratislava III;Bratislavský kraj;0,00;0,00;;;;
PharmExpo s.r.o.;Bratislava - Rača;Okres Bratislava III;Bratislavský kraj;700,00;0,00;;;;
PharmReal s.r.o.;Bratislava - Rača;Okres Bratislava III;Bratislavský kraj;550,80;0,00;;;;
MML Topoľčany s.r.o.;Bratislava - Rača;Okres Bratislava III;Bratislavský kraj;583,80;0,00;;;;
PharmacyMax s.r.o.;Bratislava - Rača;Okres Bratislava III;Bratislavský kraj;160,04;0,00;;;;
Sovanis s.r.o.;Bratislava - Rača;Okres Bratislava III;Bratislavský kraj;9,20;0,00;;;;
ŠacaPharm s.r.o.;Bratislava - Rača;Okres Bratislava III;Bratislavský kraj;89,20;0,00;;;;
Novartis Slovakia s.r.o.;Bratislava - Staré Mesto;Okres Bratislava I;Bratislavský kraj;231 069,38;445 019,49;832 549,68;925 190,51;117 584,05;
Pharma CBC II;Bratislava - Vajnory;Okres Bratislava III;Bratislavský kraj;0,00;0,00;;;;
Farmal s.r.o.;Bratislava - Rača;Okres Bratislava III;Bratislavský kraj;1 219,00;0,00;;;;
Novonordisk Nordisk Slovakia s.r.o.;Bratislava - Ružinov;Okres Bratislava II;Bratislavský kraj;;;97 129,00;51 618,04;35 760,05;
Lekaren Prima;Závod;Okres Malacky;Bratislavský kraj;0,00;0,00;;;;
Otto Bock Slovakia s.r.o.;Bratislava - Petržalka;Okres Bratislava V;Bratislavský kraj;7 659,25;;;670,37;;
Axonia Pharma s.r.o.;Bratislava - Nové Mesto;Okres Bratislava III;Bratislavský kraj;0,00;0,00;;;;
APELLA, s.r.o.;Bratislava - Petržalka;Okres Bratislava V;Bratislavský kraj;0,00;0,00;;;;
SladMedica s.r.o.;Bratislava - Rača;Okres Bratislava III;Bratislavský kraj;150,80;0,00;;;;
DarMedica s.r.o.;Bratislava - Rača;Okres Bratislava III;Bratislavský kraj;150,80;;;;;
Lekáreň MARTIN, s.r.o.;Bratislava - Ružinov;Okres Bratislava II;Bratislavský kraj;0,00;0,00;;;;
Movianto Slovensko;Senec;Okres Senec;Bratislavský kraj;0,00;0,00;;;;
S&D Pharma SK s.r.o;Bratislava - Staré Mesto;Okres Bratislava I;Bratislavský kraj;40 519,63;;8 270,00;10 584,78;;
Pharmacum Trnava s.r.o.;Bratislava - Rača;Okres Bratislava III;Bratislavský kraj;1 493,24;0,00;;;;
Top Medical s.r.o.;Bratislava - Rača;Okres Bratislava III;Bratislavský kraj;150,80;0,00;;;;
KRKA Slovensko s.r.o.;Bratislava - Ružinov;Okres Bratislava II;Bratislavský kraj;740 259,00;87 305,00;305 157,07;26 050,00;249 194,86;0,00
Celgene s.r.o.;Bratislava - Ružinov;Okres Bratislava II;Bratislavský kraj;71 309,03;260 619,49;87 309,29;;115 714,49;5 160,56
STADA PHARMA Slovakia, s.r.o.;Bratislava - Petržalka;Okres Bratislava V;Bratislavský kraj;884 834,00;271 206,00;332 405,00;74 164,40;21 801,77;7 115,29
ŽelMedica s.r.o.;Bratislava - Rača;Okres Bratislava III;Bratislavský kraj;3 730,80;0,00;;;;
TatraPharm s.r.o.;Bratislava - Rača;Okres Bratislava III;Bratislavský kraj;150,80;0,00;;;;
MoyMedica s.r.o.;Bratislava - Rača;Okres Bratislava III;Bratislavský kraj;150,80;0,00;;;;
KrasMedica s.r.o.;Bratislava - Rača;Okres Bratislava III;Bratislavský kraj;24 150,80;0,00;;;;
LT, s. r. o.;Bratislava - Staré Mesto;Okres Bratislava I;Bratislavský kraj;0,00;0,00;;;;
4 Life Pharma SK, s.r.o.;Bratislava - Ružinov;Okres Bratislava II;Bratislavský kraj;16 600,00;3 750,00;;;;
Vipharm Slovakia s.r.o.;Bratislava - Staré Mesto;Okres Bratislava I;Bratislavský kraj;68 345,71;0,00;77 638,15;36 266,25;;
MYLAN s.r.o.;Bratislava - Ružinov;Okres Bratislava II;Bratislavský kraj;140 700,00;92 027,00;157 274,68;5 651,60;19 666,25;
PHARMCROSS s.r.o.;Bratislava - Rača;Okres Bratislava III;Bratislavský kraj;150,80;0,00;;;;
PdPharm s.r.o.;Bratislava - Rača;Okres Bratislava III;Bratislavský kraj;2 799,80;0,00;;;;
Pharm-In, spol. s r.o.;Bratislava - Ružinov;Okres Bratislava II;Bratislavský kraj;;;3 850,00;;;
Lekáreň POLIKLINIKA BYTČA s.r.o.;Bratislava - Ružinov;Okres Bratislava II;Bratislavský kraj;0,00;0,00;;;;
ŠpitalPharm s.r.o.;Bratislava - Rača;Okres Bratislava III;Bratislavský kraj;581,00;0,00;;;;
Sunlight Pharmacy 03 sro;Bratislava - Rača;Okres Bratislava III;Bratislavský kraj;3 252,00;0,00;;;;
EMPIRE GROUP, s.r.o.;Bratislava - Nové Mesto;Okres Bratislava III;Bratislavský kraj;1 495,00;0,00;;;;
Merck Sharp & Dohme, s.r.o. ;Bratislava - Staré Mesto;Okres Bratislava I;Bratislavský kraj;;417 956,23;125 765,33;16 809,83;86 961,74;11 117,31
LEKÁREŇ V KRUHU s.r.o.;Bratislava - Podunajské Biskupice;Okres Bratislava II;Bratislavský kraj;0,00;0,00;;;;
KapitulPharm s.r.o.;Bratislava - Rača;Okres Bratislava III;Bratislavský kraj;0,00;0,00;;;;
Lekáreň ASTRA, s.r.o.;Bratislava - Rača;Okres Bratislava III;Bratislavský kraj;0,00;0,00;;;;
Boehringer Ingelheim RCV GmbH & Co KG, o.z.;Bratislava - Nové Mesto;Okres Bratislava III;Bratislavský kraj;651 293,73;42 299,28;293 165,82;16 560,00;147 164,95;
Evapharm plus s.r.o;Senec;Okres Senec;Bratislavský kraj;0,00;0,00;;;;
dewtech s.r.o.;Bratislava - Ružinov;Okres Bratislava II;Bratislavský kraj;0,00;0,00;;;;
Desitin Pharma s.r.o.;Bratislava - Podunajské Biskupice;Okres Bratislava II;Bratislavský kraj;10 634,70;1 985,85;;300,00;720,00;240,00
Valeant Slovakia s.r.o.;Bratislava - Ružinov;Okres Bratislava II;Bratislavský kraj;386 063,31;37 995,85;;47 132,00;11 541,72;
Pharmacenter Slovakia s.r.o.;Bratislava - Petržalka;Okres Bratislava V;Bratislavský kraj;1 214,28;403,20;;;;
Orphanmed s.r.o.;Bratislava - Ružinov;Okres Bratislava II;Bratislavský kraj;0,00;0,00;;;;
Anis s.r.o.;Stupava;Okres Malacky;Bratislavský kraj;239,04;;;;;
Eisai GesmbH, organizačná zložka;Bratislava - Petržalka;Okres Bratislava V;Bratislavský kraj;;12 977,50;9 341,32;;;
Swedish Orphan Biovitrum o.z.;Bratislava - Nové Mesto;Okres Bratislava III;Bratislavský kraj;3 941,32;18 366,49;1 200,00;;4 198,82;
SEVER, s.r.o.;Pezinok;Okres Pezinok;Bratislavský kraj;0,00;0,00;;;;
Actelion Pharmaceuticals SK, s.r.o.;Bratislava - Staré Mesto;Okres Bratislava I;Bratislavský kraj;124 944,59;35 288,47;11 600,00;;16 325,43;
STEELKOR, s. r. o.;Bratislava - Ružinov;Okres Bratislava II;Bratislavský kraj;0,00;0,00;;;;
IQ-MED a.s.;Bratislava - Staré Mesto;Okres Bratislava I;Bratislavský kraj;0,00;0,00;;;;
HEATON SK, s.r.o.;Bratislava - Podunajské Biskupice;Okres Bratislava II;Bratislavský kraj;13 094,34;0,00;;;13 094,34;
LUMATEC,s.r.o.;Bratislava - Záhorská Bystrica;Okres Bratislava IV;Bratislavský kraj;0,00;0,00;;;;
MOVO s.r.o.;Plavecké Podhradie;Okres Malacky;Bratislavský kraj;0,00;0,00;;;;
BENU SK 5, s.r.o.;Bratislava - Rača;Okres Bratislava III;Bratislavský kraj;222,00;;3 946,22;;;
TatraMedical s.r.o.;Bratislava - Rača;Okres Bratislava III;Bratislavský kraj;0,00;0,00;;;;
Lekáreň u sv. Martina, s.r.o.;Senec;Okres Senec;Bratislavský kraj;;;;;;
Farmácia, n.o.;Bratislava - Nové Mesto;Okres Bratislava III;Bratislavský kraj;;;;;377,00;
PharmSun s.r.o.;Bratislava - Rača;Okres Bratislava III;Bratislavský kraj;0,00;0,00;;;;
Gedeon Richter Slovakia, s.r.o.;Bratislava - Ružinov;Okres Bratislava II;Bratislavský kraj;361 138,27;149 617,19;51 174,00;27 115,00;72 561,81;112 505,29
Exeltis Slovakia s.r.o.;Bratislava - Ružinov;Okres Bratislava II;Bratislavský kraj;222 913,62;24 978,56;;;13 987,65;18 436,25
LEO Pharma s.r.o., organizačná zložka;Bratislava - Rača;Okres Bratislava III;Bratislavský kraj;5 881,00;;;;;1 303,09
Amgen Slovakia s.r.o;Bratislava - Petržalka;Okres Bratislava V;Bratislavský kraj;147 499,18;108 586,31;52 656,80;4 781,56;89 351,06;
EVOPHARM s.r.o.;Bratislava - Petržalka;Okres Bratislava V;Bratislavský kraj;;259 905,74;;;;
Bemedi, s.r.o.;Bratislava - Podunajské Biskupice;Okres Bratislava II;Bratislavský kraj;0,00;0,00;;;;
Lekáreň Vajnory s.r.o.;Bratislava - Vajnory;Okres Bratislava III;Bratislavský kraj;0,00;0,00;;;;
MEDICOPHARM s.r.o.;Bratislava - Nové Mesto;Okres Bratislava III;Bratislavský kraj;0,00;0,00;;;;
Bracco Imaging Slovakia s.r.o.;Bratislava - Ružinov;Okres Bratislava II;Bratislavský kraj;;27 620,01;20 298,67;;6 025,00;17 375,00
TOPTOM, s.r.o.;Reca;Okres Senec;Bratislavský kraj;0,00;0,00;;;;
MOnPharm s.r.o.;Chorvátsky Grob;Okres Senec;Bratislavský kraj;1 600,00;;;;;
Coralex s.r.o.;Bratislava - Ružinov;Okres Bratislava II;Bratislavský kraj;0,00;0,00;;;;
Medichronos s.r.o.;Bratislava - Rača;Okres Bratislava III;Bratislavský kraj;0,00;0,00;;;;
Pharmacum BN s.r.o.;Bratislava - Rača;Okres Bratislava III;Bratislavský kraj;0,00;0,00;;;;
Pharmacia s.r.o.;Bratislava - Staré Mesto;Okres Bratislava I;Bratislavský kraj;;;;;;
MINELA s.r.o.;Bratislava - Ružinov;Okres Bratislava II;Bratislavský kraj;0,00;0,00;;;;
WIDEX - SLOVTON Slovakia s.r.o.;Bratislava - Ružinov;Okres Bratislava II;Bratislavský kraj;;;20 513,00;31 733,00;;
AbbVie s. r. o. ;Bratislava - Ružinov;Okres Bratislava II;Bratislavský kraj;153 362,00;661 856,58;272 262,90;211 207,29;403 409,93;0,00
SPV96;Bratislava - Staré Mesto;Okres Bratislava I;Bratislavský kraj;0,00;0,00;;;;
FitMedica s.r.o.;Bratislava - Rača;Okres Bratislava III;Bratislavský kraj;0,00;0,00;;;;
LekMedica s.r.o.;Bratislava - Rača;Okres Bratislava III;Bratislavský kraj;0,00;0,00;;;;
ZdravMedica s.r.o.;Bratislava - Rača;Okres Bratislava III;Bratislavský kraj;0,00;0,00;;;;
PharmMedica s.r.o.;Bratislava - Rača;Okres Bratislava III;Bratislavský kraj;0,00;0,00;;;;
SlovMedica s.r.o.;Bratislava - Rača;Okres Bratislava III;Bratislavský kraj;0,00;0,00;;;;
GlaxoSmithKline Consumer Healthcare Slovakia s.r.o.;Bratislava - Ružinov;Okres Bratislava II;Bratislavský kraj;2 780 268,06;258 685,94;;;;39 561,98
muoj s.r.o.;Bratislava - Staré Mesto;Okres Bratislava I;Bratislavský kraj;300,00;;;;;
ALFASIGMA CZECH s.r.o., organizačná zložka Slovensko;Bratislava - Ružinov;Okres Bratislava II;Bratislavský kraj;37 963,49;7 590,00;;;38 347,49;
G. L. Pharma Slovakia, s.r.o.;Bratislava - Nové Mesto;Okres Bratislava III;Bratislavský kraj;;;35 950,00;5 750,00;;
ixcon s.r.o.;Bratislava - Petržalka;Okres Bratislava V;Bratislavský kraj;0,00;0,00;;;;
BENU SK 45, s.r.o.;Bratislava - Rača;Okres Bratislava III;Bratislavský kraj;;;2 188,00;;;
BENU SK 46, s.r.o.;Bratislava - Rača;Okres Bratislava III;Bratislavský kraj;;;1 142,44;;;
BENU SK 47, s.r.o.;Bratislava - Rača;Okres Bratislava III;Bratislavský kraj;102,00;;2 601,03;;;
BENU SK 51, s.r.o.;Bratislava - Rača;Okres Bratislava III;Bratislavský kraj;;;4 737,71;;;
BENU SK 50, s.r.o.;Bratislava - Rača;Okres Bratislava III;Bratislavský kraj;24,00;;1 012,68;;;
BENU SK 48, s.r.o.;Bratislava - Rača;Okres Bratislava III;Bratislavský kraj;12,00;;4 330,09;;;
FERRING Slovakia s.r.o.;Bratislava - Ružinov;Okres Bratislava II;Bratislavský kraj;30 665,63;7 227,19;9 321,07;1 120,00;68 700,59;
SEVERLEK , s.r.o.;Bratislava - Rača;Okres Bratislava III;Bratislavský kraj;150,80;0,00;;;;
AstraMedica s.r.o.;Bratislava - Rača;Okres Bratislava III;Bratislavský kraj;150,80;0,00;;;;
EuroMedica s.r.o.;Bratislava - Rača;Okres Bratislava III;Bratislavský kraj;150,80;0,00;;;;
EkoMedica s.r.o.;Bratislava - Rača;Okres Bratislava III;Bratislavský kraj;150,80;0,00;;;;
OptiMedica s.r.o.;Bratislava - Rača;Okres Bratislava III;Bratislavský kraj;147,20;0,00;;;;
DiaMedica s.r.o.;Bratislava - Rača;Okres Bratislava III;Bratislavský kraj;365,80;0,00;;;;
CamilMedica s.r.o.;Bratislava - Rača;Okres Bratislava III;Bratislavský kraj;0,00;0,00;;;;
Apotéka na námestí s.r.o.;Bratislava - Rača;Okres Bratislava III;Bratislavský kraj;0,00;0,00;;;;
JasMedica s.r.o.;Bratislava - Rača;Okres Bratislava III;Bratislavský kraj;0,00;0,00;;;;
LEKÁREŇ-Patria, spol. s r.o.;Bratislava - Rača;Okres Bratislava III;Bratislavský kraj;299,20;0,00;;;;
EFLEK;Bratislava - Dúbravka;Okres Bratislava IV;Bratislavský kraj;4 368,74;;;;;
medac Gesellschaft für klinische Spezialpräparate m.b.H., organizačná zložka Slovensko;Bratislava - Staré Mesto;Okres Bratislava I;Bratislavský kraj;600,00;0,00;11 328,20;20 141,00;;
PharmaVital, s.r.o.;Bratislava - Ružinov;Okres Bratislava II;Bratislavský kraj;0,00;0,00;;;;
BENU SK 18, s.r.o.;Bratislava - Rača;Okres Bratislava III;Bratislavský kraj;;;920,23;;;
BENU SK 40, s.r.o.;Bratislava - Rača;Okres Bratislava III;Bratislavský kraj;786,00;;1 086,94;;;
BENU SK 38, s.r.o.;Bratislava - Rača;Okres Bratislava III;Bratislavský kraj;;;3 568,87;;;
BENU SK 7, s.r.o.;Bratislava - Rača;Okres Bratislava III;Bratislavský kraj;116,40;;2 291,21;;;
BENU SK 42, s.r.o.;Bratislava - Rača;Okres Bratislava III;Bratislavský kraj;57,00;;1 130,07;;;
BENU SK 24, s.r.o.;Bratislava - Rača;Okres Bratislava III;Bratislavský kraj;;;684,87;;;
BENU SK 37, s.r.o.;Bratislava - Rača;Okres Bratislava III;Bratislavský kraj;734,00;;;;;
BENU SK 32, s.r.o.;Bratislava - Rača;Okres Bratislava III;Bratislavský kraj;;;794,70;;;
BENU SK 41, s.r.o.;Bratislava - Rača;Okres Bratislava III;Bratislavský kraj;756,00;;768,14;;;
BENU SK 3, s.r.o.;Bratislava - Rača;Okres Bratislava III;Bratislavský kraj;48,00;;323,31;;;
BENU SK 16, s.r.o.;Bratislava - Rača;Okres Bratislava III;Bratislavský kraj;;;;;;
BENU SK 29, s.r.o.;Bratislava - Rača;Okres Bratislava III;Bratislavský kraj;;;2 268,31;;;
BENU SK 43, s.r.o.;Bratislava - Rača;Okres Bratislava III;Bratislavský kraj;;;5 071,16;;;
BENU SK 15, s.r.o.;Bratislava - Rača;Okres Bratislava III;Bratislavský kraj;36,00;;1 158,39;;;
BENU SK 12, s.r.o.;Bratislava - Rača;Okres Bratislava III;Bratislavský kraj;;;838,36;;;
BENU SK 1, s.r.o.;Bratislava - Rača;Okres Bratislava III;Bratislavský kraj;129,00;;189,28;;;
BENU SK 28, s.r.o.;Bratislava - Rača;Okres Bratislava III;Bratislavský kraj;66,00;;2 024,70;;;
BENU SK 31, s.r.o.;Bratislava - Rača;Okres Bratislava III;Bratislavský kraj;24,00;;1 708,32;;;
BENU SK 4, s.r.o.;Bratislava - Rača;Okres Bratislava III;Bratislavský kraj;;;;;;
BENU SK 25, s.r.o.;Bratislava - Rača;Okres Bratislava III;Bratislavský kraj;453,00;;;;;
BENU SK 19, s.r.o.;Bratislava - Rača;Okres Bratislava III;Bratislavský kraj;12,00;;4 209,46;;;
BENU SK 14, s.r.o.;Bratislava - Rača;Okres Bratislava III;Bratislavský kraj;30,00;;919,91;;;
Aspen Pharma Ireland Limited, organizačná zložka;Bratislava - Staré Mesto;Okres Bratislava I;Bratislavský kraj;33 703,41;20 016,00;;;31 656,10;
BENU SK 17, s.r.o.;Bratislava - Rača;Okres Bratislava III;Bratislavský kraj;12,00;;4 340,48;;;
BENU SK 34, s.r.o.;Bratislava - Rača;Okres Bratislava III;Bratislavský kraj;417,00;;1 896,05;;;
BENU SK 52, s.r.o.;Bratislava - Rača;Okres Bratislava III;Bratislavský kraj;;;2 603,65;;;
BENU SK 6, s.r.o.;Bratislava - Rača;Okres Bratislava III;Bratislavský kraj;;;1 030,76;;;
BENU SK 39, s.r.o.;Bratislava - Rača;Okres Bratislava III;Bratislavský kraj;90,00;;4 059,99;;;
BENU SK 13, s.r.o.;Bratislava - Rača;Okres Bratislava III;Bratislavský kraj;;;3 306,08;;;
BENU SK 10, s.r.o.;Bratislava - Rača;Okres Bratislava III;Bratislavský kraj;559,20;;9 017,55;;;
BENU SK 22, s.r.o.;Bratislava - Rača;Okres Bratislava III;Bratislavský kraj;30,00;;150,62;;;
BENU SK 20, k.s.;Bratislava - Rača;Okres Bratislava III;Bratislavský kraj;48,00;;893,81;;;
BENU SK 9, s.r.o.;Bratislava - Rača;Okres Bratislava III;Bratislavský kraj;42,00;;;;;
BENU SK 30, s.r.o.;Bratislava - Rača;Okres Bratislava III;Bratislavský kraj;;;366,96;;;
BENU SK 33, s.r.o.;Bratislava - Rača;Okres Bratislava III;Bratislavský kraj;648,00;;1 399,16;;;
BENU SK 11, s.r.o.;Bratislava - Rača;Okres Bratislava III;Bratislavský kraj;70,20;;4 580,59;;;
BENU SK 21, s.r.o.;Bratislava - Rača;Okres Bratislava III;Bratislavský kraj;12,00;;3 760,90;;;
PharmConsult s.r.o.;Bratislava - Nové Mesto;Okres Bratislava III;Bratislavský kraj;60 000,00;2 247,00;29 760,00;620,00;;
S&D Pharma CZ, spol. s r.o., organizačná zložka SR;Bratislava - Staré Mesto;Okres Bratislava I;Bratislavský kraj;6 858,62;0,00;311,04;7 728,00;;
Dr.Max 73 s.r.o.;Bratislava - Petržalka;Okres Bratislava V;Bratislavský kraj;0,00;0,00;;;;
BENU SK 88, k.s. ;Bratislava - Rača;Okres Bratislava III;Bratislavský kraj;;;;;;
Gilead Sciences Slovakia s.r.o.;Bratislava - Staré Mesto;Okres Bratislava I;Bratislavský kraj;0,00;49 260,72;15 831,07;1 666,00;35 365,59;
BENU SK 86, k.s. ;Bratislava - Rača;Okres Bratislava III;Bratislavský kraj;;;;;;
ALK Slovakia, s.r.o.;Bratislava - Nové Mesto;Okres Bratislava III;Bratislavský kraj;104 266,00;45 634,00;35 655,56;;35 865,12;
BENU Slovensko, a.s.;Bratislava - Rača;Okres Bratislava III;Bratislavský kraj;113 915,90;;;;;
BGP Products s. r. o.;Bratislava - Ružinov;Okres Bratislava II;Bratislavský kraj;41 720,45;59 289,43;40 812,95;200,00;92 131,01;
BENU SK 87, k.s. ;Bratislava - Rača;Okres Bratislava III;Bratislavský kraj;;;;;;
BENU SK 53, s.r.o.;Bratislava - Rača;Okres Bratislava III;Bratislavský kraj;;;2 376,31;;;
BIODRUG s.r.o.;Bratislava - Staré Mesto;Okres Bratislava I;Bratislavský kraj;;;;;;
Lekáreň Tyrnavia s.r.o.;Bratislava - Rača;Okres Bratislava III;Bratislavský kraj;150,80;0,00;;;;
Amomed Pharma GmbH, organizačná zložka ;Bratislava - Ružinov;Okres Bratislava II;Bratislavský kraj;5 490,00;2 217,00;;;;
Angelini Pharma Slovenská republika s.r.o.;Bratislava - Nové Mesto;Okres Bratislava III;Bratislavský kraj;203 811,00;310 143,00;62 705,00;12 960,00;106 992,51;
BENU SK 54, s.r.o.;Bratislava - Rača;Okres Bratislava III;Bratislavský kraj;2 856,00;;6 392,52;;;
BENU SK 55, s.r.o.;Bratislava - Rača;Okres Bratislava III;Bratislavský kraj;111,00;;1 496,07;;;
Apotheke03 s.r.o.;Bratislava - Rača;Okres Bratislava III;Bratislavský kraj;150,80;0,00;;;;
Apotheke05 s.r.o.;Bratislava - Rača;Okres Bratislava III;Bratislavský kraj;150,80;0,00;;;;
Apotheke02 s.r.o.;Bratislava - Rača;Okres Bratislava III;Bratislavský kraj;150,80;0,00;;;;
Apotheke01 s.r.o.;Bratislava - Rača;Okres Bratislava III;Bratislavský kraj;0,00;0,00;;;;
PopradPharm s.r.o.;Bratislava - Rača;Okres Bratislava III;Bratislavský kraj;0,00;0,00;;;;
Apotheke06 s.r.o.;Bratislava - Rača;Okres Bratislava III;Bratislavský kraj;0,00;0,00;;;;
Lekáreň Íris;Bratislava - Ružinov;Okres Bratislava II;Bratislavský kraj;1 200,00;0,00;;;;
Baxalta Slovakia s.r.o.;Bratislava - Staré Mesto;Okres Bratislava I;Bratislavský kraj;109 873,48;33 815,48;23 210,62;15 714,50;15 314,73;
BA Pharm s.r.o.;Bratislava - Rača;Okres Bratislava III;Bratislavský kraj;0,00;0,00;;;;
VULM s.r.o.;Bratislava - Vajnory;Okres Bratislava III;Bratislavský kraj;3 620,99;0,00;;;;
MojeLIEKY.sk s.r.o.;Bratislava - Petržalka;Okres Bratislava V;Bratislavský kraj;0,00;0,00;;;;
Allergan SK s.r.o.;Bratislava - Staré Mesto;Okres Bratislava I;Bratislavský kraj;177 403,83;103 714,91;8 965,00;;41 374,83;84,02
Shire Slovakia s.r.o.;Bratislava - Staré Mesto;Okres Bratislava I;Bratislavský kraj;65 918,58;;27 928,00;;6 018,27;
BENU SK 58, s.r.o.;Bratislava - Rača;Okres Bratislava III;Bratislavský kraj;147,00;;130,00;;;
BENU SK 59, s.r.o.;Bratislava - Rača;Okres Bratislava III;Bratislavský kraj;568,20;;780,00;;;
BENU SK 60, s.r.o.;Bratislava - Rača;Okres Bratislava III;Bratislavský kraj;66,00;;573,75;;;
BENU SK 63, s.r.o.;Bratislava - Rača;Okres Bratislava III;Bratislavský kraj;96,00;;157,99;;;
BENU SK 62, s.r.o.;Bratislava - Rača;Okres Bratislava III;Bratislavský kraj;116,40;;;;;
BENU SK 67, s.r.o.;Bratislava - Rača;Okres Bratislava III;Bratislavský kraj;;;308,67;;;
BENU SK 66, s.r.o;Bratislava - Rača;Okres Bratislava III;Bratislavský kraj;24,00;;1 496,25;;;
Apocare s.r.o.;Bratislava - Rača;Okres Bratislava III;Bratislavský kraj;0,00;0,00;;;;
PASCOE Slovensko, s.r.o.;Bratislava - Staré Mesto;Okres Bratislava I;Bratislavský kraj;17 362,00;1 733,65;1 117,28;1 360,00;;
Santen OY;Bratislava - Staré Mesto;Okres Bratislava I;Bratislavský kraj;0,00;0,00;;;7 013,88;
INLEK;Bratislava - Vrakuňa;Okres Bratislava II;Bratislavský kraj;1 605,72;;;;;
BENU SK 23, s.r.o.;Bratislava - Rača;Okres Bratislava III;Bratislavský kraj;240,60;;;;;
BENU SK 2, s.r.o.;Bratislava - Rača;Okres Bratislava III;Bratislavský kraj;1 290,00;;;;;
URSAPHARM spol. s r.o., organizačná zložka;Bratislava - Ružinov;Okres Bratislava II;Bratislavský kraj;19 670,51;0,00;;;;
BENU SK 27, s.r.o.;Bratislava - Rača;Okres Bratislava III;Bratislavský kraj;;;1 274,22;;;
BENU SK 72, s.r.o.;Bratislava - Rača;Okres Bratislava III;Bratislavský kraj;;;307,69;;;
BENU SK 81, s.r.o. ;Bratislava - Rača;Okres Bratislava III;Bratislavský kraj;201,00;;601,00;;;
BENU SK 73, s.r.o. ;Bratislava - Rača;Okres Bratislava III;Bratislavský kraj;48,00;;1 953,37;;;
BENU SK 78, s.r.o. ;Bratislava - Rača;Okres Bratislava III;Bratislavský kraj;195,60;;377,77;;;
BENU SK 80, s.r.o. ;Bratislava - Rača;Okres Bratislava III;Bratislavský kraj;156,00;;;;;
BENU SK 70, s.r.o. ;Bratislava - Rača;Okres Bratislava III;Bratislavský kraj;12,00;;708,90;;;
BENU SK 71, s.r.o. ;Bratislava - Rača;Okres Bratislava III;Bratislavský kraj;1 364,30;;100,00;;;
TOPLEK;Bratislava - Petržalka;Okres Bratislava V;Bratislavský kraj;2 360,00;;;;;
CSL BEHRING Slovakia;Bratislava - Staré Mesto;Okres Bratislava I;Bratislavský kraj;50 404,00;0,00;;;27 207,84;5 600,00
Lekáreň Petržalská tržnica s.r.o.;Bratislava - Staré Mesto;Okres Bratislava I;Bratislavský kraj;0,00;0,00;;;;
MARCOM, spol.s r.o.;Košice - Západ;Okres Košice II;Košický kraj;0,00;0,00;;760,00;;
PHARMAVIT spol. s r. o.;Košice - Juh;Okres Košice IV;Košický kraj;0,00;0,00;;;;
MEDICENTRUM, spol. s r.o.;Košice - Západ;Okres Košice II;Košický kraj;0,00;0,00;;1 000,00;;
FERUMI, s.r.o.;Košice - Západ;Okres Košice II;Košický kraj;0,00;0,00;;6 052,09;;
Lekáreň NA MIKLOVKÁCH s.r.o.;Košice - Západ;Okres Košice II;Košický kraj;0,00;0,00;;;;
Lekáreň SIMBA, s.r.o.;Košice - Západ;Okres Košice II;Košický kraj;0,00;0,00;;;;
SUISSE PHARMACIA, spol. s r.o.;Košice - Západ;Okres Košice II;Košický kraj;0,00;0,00;;;;
PHARMEDIA spoločnosť s ručením obmedzeným Košice;Košice - Západ;Okres Košice II;Košický kraj;0,00;0,00;;;;
PHARMSTORE spol. s r.o.;Košice - Západ;Okres Košice II;Košický kraj;0,00;0,00;;;;
Lekáreň DOM ZDRAVIA s.r.o.;Košice - Západ;Okres Košice II;Košický kraj;0,00;0,00;;;;
KONEX MEDIK, spol. s r.o.;Košice - Juh;Okres Košice IV;Košický kraj;0,00;0,00;;;;
Lekáreň L.PASTEURA s.r.o.;Košice - Západ;Okres Košice II;Košický kraj;0,00;0,00;;;;
ASH s.r.o.;Košice - Staré Mesto;Okres Košice I;Košický kraj;22 500,00;;;;;
ASTEN spol. s r.o.;Košice - Západ;Okres Košice II;Košický kraj;0,00;0,00;;5 492,00;;
DRUG PHARMA, spol s r.o.;Košice - Západ;Okres Košice II;Košický kraj;0,00;0,00;;;;
Lekáreň Vysoká pri Morave s.r.o.;Košice - Západ;Okres Košice II;Košický kraj;0,00;0,00;;;;
BIO G medipharma, s.r.o.;Košice - Západ;Okres Košice II;Košický kraj;0,00;0,00;;;;
Lákáreň MAX TT, s.r.o.;Košice - Západ;Okres Košice II;Košický kraj;0,00;0,00;;;;
EUROPHARMA s.r.o.;Košice - Západ;Okres Košice II;Košický kraj;0,00;0,00;;;;
Lekáreň Heyduková, s.r.o.;Košice - Západ;Okres Košice II;Košický kraj;0,00;0,00;;900,00;;
MIRAKL PHARMA, s.r.o.;Košice - Západ;Okres Košice II;Košický kraj;0,00;0,00;;;;
Lekáreň TEHELNÁ, s. r. o.;Košice - Juh;Okres Košice IV;Košický kraj;0,00;0,00;;;;
Lekáreň AMETYST, s.r.o.;Košice - Západ;Okres Košice II;Košický kraj;0,00;0,00;;;;
TRNÁVKA, s.r.o.;Košice - Západ;Okres Košice II;Košický kraj;0,00;0,00;;;;
Lekáreň OPTIMA KE, s.r.o.;Košice - Západ;Okres Košice II;Košický kraj;0,00;0,00;;;;
Lekáreň PRED NEMOCNICOU MT, s.r.o.;Košice - Západ;Okres Košice II;Košický kraj;0,00;0,00;;350,00;;
Lekáreň POPRAD, s.r.o.;Košice - Juh;Okres Košice IV;Košický kraj;0,00;0,00;;6 344,00;;
EURO FARMÁCIA s.r.o.;Košice - Západ;Okres Košice II;Košický kraj;0,00;0,00;;;;
Lekáreň CENTRUM GA, s. r. o.;Košice - Juh;Okres Košice IV;Košický kraj;0,00;0,00;;;;
Lekáreň CENTRO, s. r. o.;Košice - Juh;Okres Košice IV;Košický kraj;0,00;0,00;;;;
Lekáreň HORNÁD SN, s.r.o.;Košice - Západ;Okres Košice II;Košický kraj;450,00;0,00;;450,00;;
Lekáreň Krompachy, s.r.o.;Košice - Západ;Okres Košice II;Košický kraj;0,00;0,00;;;;
Medirea s.r.o.;Košice - Západ;Okres Košice II;Košický kraj;0,00;0,00;;;;
smile, s.r.o.;Košice - Západ;Okres Košice II;Košický kraj;;;;;;
Markont-n, s.r.o.;Rožňava;Okres Rožňava;Košický kraj;610,50;;;;;
Evison s.r.o.;Ruskov;Okres Košice - okolie;Košický kraj;0,00;0,00;;;;
PPK, s.r.o.;Turňa nad Bodvou;Okres Košice - okolie;Košický kraj;0,00;0,00;;;;
Novozit, s.r.o.;Košice - Západ;Okres Košice II;Košický kraj;0,00;0,00;;;;
Lekáreň DANUBIA s.r.o.;Košice - Západ;Okres Košice II;Košický kraj;0,00;0,00;;;;
Drugcomfort s.r.o.;Košice - Západ;Okres Košice II;Košický kraj;0,00;0,00;;;;
TRUSTY s.r.o.;Košice - Západ;Okres Košice II;Košický kraj;0,00;0,00;;;;
PHARMAKRAFT  s.r.o.;Košice - Západ;Okres Košice II;Košický kraj;0,00;0,00;;;;
BRL Slovakia s.r.o;Košice - Západ;Okres Košice II;Košický kraj;0,00;0,00;;;;
Pharmafit s.r.o.;Košice - Západ;Okres Košice II;Košický kraj;0,00;0,00;;;;
Medic trade.s.r.o;Košice - Juh;Okres Košice IV;Košický kraj;0,00;0,00;;;;
Medicomfort s.r.o.;Košice - Západ;Okres Košice II;Košický kraj;0,00;0,00;;;;
DRUGPLANT s.r.o.;Košice - Západ;Okres Košice II;Košický kraj;0,00;0,00;;;;
STARLINE s.r.o.;Košice - Západ;Okres Košice II;Košický kraj;0,00;0,00;;;;
REDMOON s.r.o.;Košice - Západ;Okres Košice II;Košický kraj;0,00;0,00;;;;
HEALTH-LINE s.r.o.;Košice - Západ;Okres Košice II;Košický kraj;0,00;0,00;;;;
PHARMASHOP s.r.o.;Košice - Západ;Okres Košice II;Košický kraj;0,00;0,00;;;;
CASTILION s.r.o.;Košice - Západ;Okres Košice II;Košický kraj;0,00;0,00;;;;
Prameň Zdrav spol. s r.o.;Valaliky;Okres Košice - okolie;Košický kraj;0,00;0,00;;;;
Lekáreň BS, s.r.o.;Košice - Západ;Okres Košice II;Košický kraj;0,00;0,00;;;;
Lekáreň V KAUFLANDE BB, s.r.o.;Košice - Západ;Okres Košice II;Košický kraj;0,00;0,00;;;;
Lekáreň SNINA, s.r.o.;Košice - Západ;Okres Košice II;Košický kraj;0,00;0,00;;;;
Lekáreň NZ,s.r.o.;Košice - Západ;Okres Košice II;Košický kraj;0,00;0,00;;485,00;;
Železnničná Lekáreň s.r.o.;Košice - Západ;Okres Košice II;Košický kraj;0,00;0,00;;;;
Cassoviapharm s.r.o;Košice - Západ;Okres Košice II;Košický kraj;1 500,00;;;;;
LEKÁREŇ - NÁRODNÁ ŽILINA,s.r.o.;Košice - Západ;Okres Košice II;Košický kraj;0,00;0,00;;;;
LEKÁREŇ-HLAVNÁ ŠAĽA. s. r. o.;Košice - Západ;Okres Košice II;Košický kraj;0,00;0,00;;;;
Lekáreň PHARMACY.s.r.o.;Košice - Západ;Okres Košice II;Košický kraj;0,00;0,00;;;;
HEALTHSTORE s.r.o.;Košice - Juh;Okres Košice IV;Košický kraj;0,00;0,00;;;;
BLUE-CROSS s.r.o.;Košice - Západ;Okres Košice II;Košický kraj;0,00;0,00;;;;
MEDICATE, s. r. o.;Košice - Západ;Okres Košice II;Košický kraj;0,00;0,00;;;;
DRUGMARKET s.r.o.;Košice - Západ;Okres Košice II;Košický kraj;0,00;0,00;;;;
MED-STORE s.r.o.;Košice - Západ;Okres Košice II;Košický kraj;0,00;0,00;;;;
MEDICABLE s.r.o.;Košice - Juh;Okres Košice IV;Košický kraj;0,00;0,00;;;;
IMPROVE s.r.o.;Košice - Západ;Okres Košice II;Košický kraj;0,00;0,00;;;;
SANATIVE s.r.o.;Košice - Západ;Okres Košice II;Košický kraj;0,00;0,00;;;;
RECEPIS s.r.o.;Košice - Západ;Okres Košice II;Košický kraj;0,00;0,00;;;;
MEDICAMENT s.r.o.;Ždaňa;Okres Košice - okolie;Košický kraj;0,00;0,00;;;;
HEALTH CENTRUM s.r.o.;Košice - Západ;Okres Košice II;Košický kraj;0,00;0,00;;;;
Lekáreň 16 s.r.o;Košice - Západ;Okres Košice II;Košický kraj;0,00;0,00;;2 795,00;;
Lekáreň 17, s.r.o.;Košice - Západ;Okres Košice II;Košický kraj;0,00;0,00;;3 650,00;;
REFARM s.r.o.;Košice - Západ;Okres Košice II;Košický kraj;0,00;0,00;;;;
Lekáreň 18, s.r.o.;Košice - Západ;Okres Košice II;Košický kraj;0,00;0,00;;;;
RED-PHARMACY s.r.o.;Košice - Západ;Okres Košice II;Košický kraj;0,00;0,00;;;;
SUN-CARE s.r.o.;Košice - Západ;Okres Košice II;Košický kraj;0,00;0,00;;;;
GREEN-MARKET s.r.o.;Košice - Západ;Okres Košice II;Košický kraj;0,00;0,00;;;;
RED-DROP s.r.o.;Košice - Západ;Okres Košice II;Košický kraj;0,00;0,00;;;;
EXPIRO s.r.o.;Košice - Západ;Okres Košice II;Košický kraj;0,00;0,00;;;;
GREEN-PHARMACY s.r.o.;Košice - Západ;Okres Košice II;Košický kraj;0,00;0,00;;;;
PHARMACY-MARKET s.r.o.;Košice - Západ;Okres Košice II;Košický kraj;0,00;0,00;;;;
RED-MARKET s.r.o.;Košice - Západ;Okres Košice II;Košický kraj;0,00;0,00;;;;
DROP-STORE s.r.o.;Košice - Západ;Okres Košice II;Košický kraj;0,00;0,00;;;;
GREEN DROP s.r.o.;Košice - Západ;Okres Košice II;Košický kraj;0,00;0,00;;;;
MOONLINE s.r.o.;Košice - Západ;Okres Košice II;Košický kraj;0,00;0,00;;;;
GREEN-ROAD s.r.o.;Košice - Západ;Okres Košice II;Košický kraj;0,00;0,00;;;;
IMMUNO-PHARMA s.r.o.;Košice - Západ;Okres Košice II;Košický kraj;0,00;0,00;;;;
IMMUNO-STAR s.r.o.;Košice - Západ;Okres Košice II;Košický kraj;0,00;0,00;;;;
GREEN-STRAP s.r.o.;Košice - Západ;Okres Košice II;Košický kraj;0,00;0,00;;;;
FIRST-STORE s.r.o.;Košice - Západ;Okres Košice II;Košický kraj;0,00;0,00;;;;
ABC-STORE s.r.o.;Košice - Západ;Okres Košice II;Košický kraj;0,00;0,00;;;;
NATURAL-DROP s.r.o.;Košice - Západ;Okres Košice II;Košický kraj;0,00;0,00;;;;
NATURAL-STORE s.r.o.;Košice - Juh;Okres Košice IV;Košický kraj;0,00;0,00;;;;
BODY-STAR s.r.o.;Košice - Západ;Okres Košice II;Košický kraj;0,00;0,00;;;;
RED - STORE s.r.o.;Košice - Západ;Okres Košice II;Košický kraj;0,00;0,00;;;;
PILL-MARKET, s.r.o.;Košice - Západ;Okres Košice II;Košický kraj;0,00;0,00;;;;
DRUG-CITY s.r.o.;Košice - Západ;Okres Košice II;Košický kraj;0,00;0,00;;;;
PILL-STORE s.r.o.;Košice - Západ;Okres Košice II;Košický kraj;0,00;0,00;;;;
BLUE-STRAP s.r.o.;Košice - Západ;Okres Košice II;Košický kraj;0,00;0,00;;;;
NATURAL-CARE s.r.o.;Košice - Západ;Okres Košice II;Košický kraj;0,00;0,00;;;;
NATURAL-MARKET s.r.o.;Košice - Západ;Okres Košice II;Košický kraj;0,00;0,00;;;;
BLUE-STORE s.r.o.;Košice - Západ;Okres Košice II;Košický kraj;0,00;0,00;;;;
SI PHARMA, s.r.o.;Košice - Západ;Okres Košice II;Košický kraj;0,00;0,00;;;;
Lekáreň 20 s.r.o.;Košice - Západ;Okres Košice II;Košický kraj;0,00;0,00;;6 050,00;;
SOLANUM, s.r.o.;Košice - Západ;Okres Košice II;Košický kraj;0,00;0,00;;;;
SECRETEX s.r.o.;Košice - Západ;Okres Košice II;Košický kraj;0,00;0,00;;;;
MONIQ, s.r.o.;Košice - Západ;Okres Košice II;Košický kraj;0,00;0,00;;;;
VERBO s.r.o.;Košice - Západ;Okres Košice II;Košický kraj;0,00;0,00;;;;
Lekáreň sv. Agáty, s.r.o.;Košice - Západ;Okres Košice II;Košický kraj;0,00;0,00;;;;
EKSEN s.r.o.;Košice - Západ;Okres Košice II;Košický kraj;0,00;0,00;;;;
BUTYKS s.r.o.;Košice - Západ;Okres Košice II;Košický kraj;0,00;0,00;;;;
BORSI, s.r.o.;Košice - Západ;Okres Košice II;Košický kraj;0,00;0,00;;;;
TEMPEL, s.r.o.;Košice - Západ;Okres Košice II;Košický kraj;600,00;0,00;;600,00;;0,00
TORNA, s. r. o.;Košice - Juh;Okres Košice IV;Košický kraj;0,00;0,00;;;;
Needham s.r.o.;Košice - Západ;Okres Košice II;Košický kraj;0,00;0,00;;;;
Hillrose s.r.o.;Košice - Juh;Okres Košice IV;Košický kraj;0,00;0,00;;;;
TIMPHU s.r.o.;Košice - Západ;Okres Košice II;Košický kraj;0,00;0,00;;;;
COOL LIFE s.r.o.;Košice - Západ;Okres Košice II;Košický kraj;0,00;0,00;;;;
SAVE LIFE s.r.o.;Košice - Západ;Okres Košice II;Košický kraj;0,00;0,00;;;;
STRONG LIFE s.r.o.;Košice - Západ;Okres Košice II;Košický kraj;0,00;0,00;;;;
MEDECINE s.r.o.;Košice - Západ;Okres Košice II;Košický kraj;0,00;0,00;;;;
ACIDUS, s.r.o.;Košice - Západ;Okres Košice II;Košický kraj;0,00;0,00;;;;
NEW-FIRST s.r.o.;Košice - Západ;Okres Košice II;Košický kraj;0,00;0,00;;;;
Codrington s.r.o.;Košice - Západ;Okres Košice II;Košický kraj;0,00;0,00;;;;
Dr.Max 19 s.r.o.;Košice - Západ;Okres Košice II;Košický kraj;0,00;0,00;;;;
Dr.Max 20 s.r.o.;Košice - Západ;Okres Košice II;Košický kraj;0,00;0,00;;;;
Dr.Max 23 s.r.o.;Košice - Juh;Okres Košice IV;Košický kraj;0,00;0,00;;800,00;;
Dr.Max 21 s.r.o.;Košice - Západ;Okres Košice II;Košický kraj;0,00;0,00;;;;
Dr.Max 18 s.r.o.;Košice - Západ;Okres Košice II;Košický kraj;0,00;0,00;;;;
Dr.Max 7 s. r. o.;Košice - Juh;Okres Košice IV;Košický kraj;9 110,00;0,00;;9 110,00;;
Dr.Max 15 s.r.o.;Košice - Západ;Okres Košice II;Košický kraj;0,00;0,00;;;;
Dr.Max 14 s.r.o.;Košice - Západ;Okres Košice II;Košický kraj;0,00;0,00;;;;
Dr.Max 17, s. r. o.;Košice - Západ;Okres Košice II;Košický kraj;0,00;0,00;;;;
Dr.Max 9 s.r.o.;Košice - Západ;Okres Košice II;Košický kraj;0,00;0,00;;500,00;;
Dr. MAX 10 s.r.o.;Košice - Západ;Okres Košice II;Košický kraj;0,00;0,00;;;;
Dr.Max 8 s.r.o.;Košice - Západ;Okres Košice II;Košický kraj;1 058,33;0,00;;1 058,33;;0,00
Dr.Max 11 s.r.o.;Košice - Západ;Okres Košice II;Košický kraj;0,00;0,00;;;;
Dr.Max 5 s.r.o.;Košice - Západ;Okres Košice II;Košický kraj;0,00;0,00;;;;
Dr.Max 12 s.r.o.;Košice - Západ;Okres Košice II;Košický kraj;0,00;0,00;;;;
Dr.Max 6 s.r.o.;Košice - Západ;Okres Košice II;Košický kraj;0,00;0,00;;;;
Dr. MAX 4 s.r.o.;Košice - Západ;Okres Košice II;Košický kraj;0,00;0,00;;;;
Dr.Max 28 s.r.o.;Košice - Západ;Okres Košice II;Košický kraj;0,00;0,00;;;;
Dr. Max 3 s.r.o.;Košice - Západ;Okres Košice II;Košický kraj;0,00;0,00;;;;
Dr.Max 26 s.r.o.;Košice - Západ;Okres Košice II;Košický kraj;0,00;0,00;;;;
Dr.MAX 2 s.r.o.;Košice - Západ;Okres Košice II;Košický kraj;0,00;0,00;;;;
Dr.Max 30 s.r.o;Košice - Západ;Okres Košice II;Košický kraj;0,00;0,00;;;;
Dr.Max 27 s.r.o.;Košice - Západ;Okres Košice II;Košický kraj;0,00;0,00;;;;
Dr.Max 25 s.r.o.;Košice - Západ;Okres Košice II;Košický kraj;0,00;0,00;;;;
Dr. Max 29 s.r.o.;Košice - Západ;Okres Košice II;Košický kraj;0,00;0,00;;;;
Dr.Max 16 s.r.o.;Košice - Západ;Okres Košice II;Košický kraj;0,00;0,00;;;;
wesper pharm, s. r. o.;Košice - Západ;Okres Košice II;Košický kraj;0,00;0,00;;;;
SD1 s.r.o.;Košice - Západ;Okres Košice II;Košický kraj;0,00;0,00;;;;
SD23 s. r. o.;Košice - Juh;Okres Košice IV;Košický kraj;0,00;0,00;;;;
SD3 s.r.o.;Košice - Západ;Okres Košice II;Košický kraj;0,00;0,00;;5 700,00;;
SD21 s. r. o.;Košice - Juh;Okres Košice IV;Košický kraj;0,00;0,00;;;;
SD4 s.r.o.;Košice - Západ;Okres Košice II;Košický kraj;0,00;0,00;;2 350,00;;
SD 5 s.r.o.;Košice - Západ;Okres Košice II;Košický kraj;500,00;0,00;;500,00;;
SD34 s.r.o.;Košice - Západ;Okres Košice II;Košický kraj;0,00;0,00;;;;
SD33 s.r.o.;Košice - Západ;Okres Košice II;Košický kraj;0,00;0,00;;;;
SD31 s.r.o.;Košice - Západ;Okres Košice II;Košický kraj;0,00;0,00;;;;
SD25 s.r.o.;Košice - Západ;Okres Košice II;Košický kraj;0,00;0,00;;;;
SD29 s.r.o.;Košice - Západ;Okres Košice II;Košický kraj;0,00;0,00;;;;
SD28 s.r.o.;Košice - Západ;Okres Košice II;Košický kraj;0,00;0,00;;;;
SD30 s. r. o.;Košice - Juh;Okres Košice IV;Košický kraj;0,00;0,00;;;;
SD6 s.r.o.;Košice - Západ;Okres Košice II;Košický kraj;0,00;0,00;;;;
SD7 s.r.o.;Košice - Západ;Okres Košice II;Košický kraj;0,00;0,00;;;;
SD10 s.r.o.;Košice - Západ;Okres Košice II;Košický kraj;3 000,00;0,00;;3 000,00;;
SD12 s.r.o.;Košice - Západ;Okres Košice II;Košický kraj;240,00;0,00;;;;
SD13 s. r. o.;Košice - Juh;Okres Košice IV;Košický kraj;0,00;0,00;;;;
SD14 s.r.o.;Košice - Západ;Okres Košice II;Košický kraj;0,00;0,00;;1 440,00;;
SD15 s. r. o.;Košice - Juh;Okres Košice IV;Košický kraj;0,00;0,00;;;;
SD16 s.r.o.;Košice - Západ;Okres Košice II;Košický kraj;0,00;0,00;;;;
SD18 s.r.o.;Košice - Západ;Okres Košice II;Košický kraj;0,00;0,00;;;;
PHARMACY III, s.r.o.;Košice - Západ;Okres Košice II;Košický kraj;0,00;0,00;;;;
PHARMACY X, s. r. o.;Košice - Juh;Okres Košice IV;Košický kraj;0,00;0,00;;;;
PHARMACY XIV, s.r.o.;Košice - Západ;Okres Košice II;Košický kraj;0,00;0,00;;;;
MELLIPHARM, s.r.o.;Košice - Západ;Okres Košice II;Košický kraj;0,00;0,00;;;;
MADICOR, s.r.o.;Košice - Západ;Okres Košice II;Košický kraj;0,00;0,00;;;;
Ferox s.r.o.;Košice - Západ;Okres Košice II;Košický kraj;608,00;0,00;;608,00;;
Omrvinka s.r.o.;Košice - Západ;Okres Košice II;Košický kraj;0,00;0,00;;;;
Mild Cure One, s.r.o.;Košice - Západ;Okres Košice II;Košický kraj;0,00;0,00;;;;
Mild Cure Six, s.r.o.;Košice - Západ;Okres Košice II;Košický kraj;0,00;0,00;;;;
Mild Cure Three, s.r.o.;Košice - Západ;Okres Košice II;Košický kraj;0,00;0,00;;;;
Mild Cure Four, s.r.o.;Košice - Západ;Okres Košice II;Košický kraj;0,00;0,00;;2 490,00;;
Mild Cure Five s.r.o.;Košice - Západ;Okres Košice II;Košický kraj;0,00;0,00;;;;
Dr.Max 704 s.r.o.;Košice - Západ;Okres Košice II;Košický kraj;0,00;0,00;;;;
Dr.Max 703 s.r.o.;Košice - Západ;Okres Košice II;Košický kraj;0,00;0,00;;;;
Lekáreň Bella Donna s.r.o.;Košice - Západ;Okres Košice II;Košický kraj;0,00;0,00;;1 250,00;;
Dr.Max 602 s.r.o.;Košice - Západ;Okres Košice II;Košický kraj;0,00;0,00;;;;
Dr.Max 628 s.r.o.;Košice - Západ;Okres Košice II;Košický kraj;0,00;0,00;;;;
Dr.Max 626 s.r.o.;Košice - Západ;Okres Košice II;Košický kraj;0,00;0,00;;;;
Dr.Max 630 s.r.o.;Košice - Západ;Okres Košice II;Košický kraj;0,00;0,00;;1 250,00;;
Dr.Max 623 s.r.o.;Košice - Západ;Okres Košice II;Košický kraj;0,00;0,00;;;;
Dr.Max 627 s.r.o.;Košice - Západ;Okres Košice II;Košický kraj;0,00;0,00;;;;
Dr.Max 631 s.r.o.;Košice - Západ;Okres Košice II;Košický kraj;0,00;0,00;;;;
Dr.Max 601 s. r. o.;Košice - Západ;Okres Košice II;Košický kraj;0,00;0,00;;;;
Dr. Max 616 s. r. o.;Košice - Juh;Okres Košice IV;Košický kraj;0,00;0,00;;;;
Dr.Max 39 s.r.o.;Košice - Západ;Okres Košice II;Košický kraj;0,00;0,00;;;;
Dr.Max 34 s.r.o.;Košice - Západ;Okres Košice II;Košický kraj;0,00;0,00;;;;
Dr:max 36 s.r.o.;Košice - Západ;Okres Košice II;Košický kraj;0,00;0,00;;;;
Dr.Max 38 s.r.o.;Košice - Západ;Okres Košice II;Košický kraj;0,00;0,00;;;;
Dr.Max 33 s.r.o.;Košice - Juh;Okres Košice IV;Košický kraj;0,00;0,00;;;;
Dr.Max 35 s.r.o.;Košice - Západ;Okres Košice II;Košický kraj;0,00;0,00;;;;
Dr.Max 37 s.r.o.;Košice - Západ;Okres Košice II;Košický kraj;0,00;0,00;;;;
Dr.Max 32 s.r.o.;Košice - Západ;Okres Košice II;Košický kraj;0,00;0,00;;;;
Dr.Max 31 s.r.o.;Košice - Západ;Okres Košice II;Košický kraj;0,00;0,00;;;;
RAKLIM, a.s.;Košice - Západ;Okres Košice II;Košický kraj;2 018 928,00;0,00;;;;
Apotheka Košice, s.r.o;Košice - Staré Mesto;Okres Košice I;Košický kraj;0,00;0,00;;;;
Dr.Max 57 s.r.o.;Košice - Západ;Okres Košice II;Košický kraj;0,00;0,00;;;;
Dr.MAX65 s.r.o.;Košice - Západ;Okres Košice II;Košický kraj;0,00;0,00;;;;
Dr.Max 49 s.r.o.;Košice - Západ;Okres Košice II;Košický kraj;0,00;0,00;;;;
Dr.Max 60 s.r.o.;Košice - Západ;Okres Košice II;Košický kraj;0,00;0,00;;;;
Dr.Max 43 s.r.o.;Košice - Západ;Okres Košice II;Košický kraj;0,00;0,00;;;;
Dr.Max 44 s.r.o.;Košice - Západ;Okres Košice II;Košický kraj;0,00;0,00;;;;
Dr.Max 55 s.r.o.;Košice - Západ;Okres Košice II;Košický kraj;0,00;0,00;;;;
Dr.Max 64 s.r.o.;Košice - Západ;Okres Košice II;Košický kraj;650,00;0,00;;650,00;;
Dr. MAX 41 s.r.o.;Košice - Západ;Okres Košice II;Košický kraj;0,00;0,00;;;;
Dr.Max 52 s.r.o.;Košice - Západ;Okres Košice II;Košický kraj;0,00;0,00;;;;
Dr.Max 50 s.r.o.;Košice - Západ;Okres Košice II;Košický kraj;0,00;0,00;;;;
Dr.Max 48 s.r.o.;Košice - Západ;Okres Košice II;Košický kraj;0,00;0,00;;;;
Dr.Max 54 s.r.o.;Košice - Západ;Okres Košice II;Košický kraj;900,00;0,00;;;;
Dr.Max 51 s.r.o.;Košice - Západ;Okres Košice II;Košický kraj;0,00;0,00;;;;
Dr.Max 58 s.r.o.;Košice - Západ;Okres Košice II;Košický kraj;0,00;0,00;;;;
Dr.Max 63 s.r.o.;Košice - Západ;Okres Košice II;Košický kraj;0,00;0,00;;;;
Dr.Max 62 s.r.o.;Košice - Západ;Okres Košice II;Košický kraj;0,00;0,00;;;;
Dr.Max 61 s. r. o.;Košice - Juh;Okres Košice IV;Košický kraj;0,00;0,00;;;;
Dr.Max 59 s.r.o.;Košice - Západ;Okres Košice II;Košický kraj;0,00;0,00;;;;
Dr.Max 47 s.r.o.;Košice - Západ;Okres Košice II;Košický kraj;0,00;0,00;;;;
Dr. Max 42 s.r.o.;Košice - Západ;Okres Košice II;Košický kraj;0,00;0,00;;;;
Dr.Max 46 s.r.o.;Košice - Západ;Okres Košice II;Košický kraj;0,00;0,00;;;;
Lekáreň Vitae plus, s.r.o.;Košice - Západ;Okres Košice II;Košický kraj;0,00;0,00;;;;
Dr.Max 68 s.r.o.;Košice - Západ;Okres Košice II;Košický kraj;0,00;0,00;;;;
Dr.Max 76 s.r.o.;Košice - Západ;Okres Košice II;Košický kraj;0,00;0,00;;;;
Dr.Max 72 s.r.o.;Košice - Juh;Okres Košice IV;Košický kraj;0,00;0,00;;;;
Dr.Max 66 s.r.o.;Košice - Západ;Okres Košice II;Košický kraj;0,00;0,00;;;;
Dr.Max 74, s.r.o.;Košice - Západ;Okres Košice II;Košický kraj;0,00;0,00;;;;
Dr.Max 79 s.r.o.;Košice - Západ;Okres Košice II;Košický kraj;0,00;0,00;;;;
Dr.Max 69 s.r.o.;Košice - Západ;Okres Košice II;Košický kraj;0,00;0,00;;;;
Dr.Max 70 s.r.o.;Košice - Západ;Okres Košice II;Košický kraj;0,00;0,00;;;;
Dr.Max 71 s.r.o.;Košice - Západ;Okres Košice II;Košický kraj;0,00;0,00;;;;
Dr.Max 78 s.r.o.;Košice - Západ;Okres Košice II;Košický kraj;0,00;0,00;;;;
Pharmig s r.o.;Košice - Šaca;Okres Košice II;Košický kraj;0,00;;;;;
Dr.Max 81 s.r.o.;Košice - Západ;Okres Košice II;Košický kraj;0,00;0,00;;;;
Dr.Max 82 s.r.o.;Košice - Západ;Okres Košice II;Košický kraj;0,00;0,00;;;;
Dr. MAX 85 s.r.o.;Košice - Západ;Okres Košice II;Košický kraj;0,00;0,00;;;;
Dr.Max 86 s.r.o.;Košice - Západ;Okres Košice II;Košický kraj;0,00;0,00;;;;
Dr.Max 84 s.r.o.;Košice - Západ;Okres Košice II;Košický kraj;0,00;0,00;;;;
Dr.Max 87 s.r.o.;Košice - Západ;Okres Košice II;Košický kraj;0,00;0,00;;1 606,00;;
Dr.Max 90 s.r.o.;Košice - Západ;Okres Košice II;Košický kraj;0,00;0,00;;;;
Dr.Max 88 s.r.o.;Košice - Západ;Okres Košice II;Košický kraj;0,00;0,00;;;;
Dr.Max 89 s.r.o.;Košice - Západ;Okres Košice II;Košický kraj;0,00;0,00;;960,00;;
Proxamed;Košice - Nad jazerom;Okres Košice IV;Košický kraj;0,00;0,00;;;;
Dr.Max 100 s.r.o.;Košice - Západ;Okres Košice II;Košický kraj;0,00;0,00;;;;
Dr. Max 98 s.r.o.;Košice - Západ;Okres Košice II;Košický kraj;0,00;0,00;;;;
Dr.Max 91 s.r.o.;Košice - Západ;Okres Košice II;Košický kraj;0,00;0,00;;;;
Dr.Max 95 s.r.o.;Košice - Západ;Okres Košice II;Košický kraj;0,00;0,00;;;;
Dr.Max 92 s.r.o.;Košice - Západ;Okres Košice II;Košický kraj;0,00;0,00;;;;
Dr.Max 97 s.r.o.;Košice - Západ;Okres Košice II;Košický kraj;0,00;0,00;;;;
PharmaBel s.r.o.;Spišské Vlachy;Okres Spišská Nová Ves;Košický kraj;0,00;0,00;;;;
AK-med, s.r.o.;Košice - Západ;Okres Košice II;Košický kraj;0,00;0,00;;;;
Dr.Max 113 s.r.o.;Košice - Západ;Okres Košice II;Košický kraj;0,00;0,00;;;;
Dr.Max 117 s.r.o.;Košice - Západ;Okres Košice II;Košický kraj;0,00;0,00;;;;
Dr.Max 115 s.r.o.;Košice - Západ;Okres Košice II;Košický kraj;0,00;0,00;;;;
Dr. Max 112 s.r.o.;Košice - Západ;Okres Košice II;Košický kraj;0,00;0,00;;16 318,94;;
Dr.Max 107 s.r.o.;Košice - Západ;Okres Košice II;Košický kraj;0,00;0,00;;;;
Dr. Max 101 s.r.o.;Košice - Západ;Okres Košice II;Košický kraj;0,00;0,00;;;;
Dr. Max 111 s.r.o.;Košice - Západ;Okres Košice II;Košický kraj;0,00;0,00;;;;
Dr. Max 118 s. r. o.;Košice - Juh;Okres Košice IV;Košický kraj;300,00;;;;;
Dr.Max 114 s.r.o.;Košice - Západ;Okres Košice II;Košický kraj;0,00;0,00;;;;
Dr.Max 119 s.r.o.;Košice - Západ;Okres Košice II;Košický kraj;0,00;0,00;;;;
Dr. MAX 103 s.r.o.;Košice - Západ;Okres Košice II;Košický kraj;15 660,70;0,00;;15 660,70;;
Dr. MAX 102 s.r.o.;Košice - Západ;Okres Košice II;Košický kraj;0,00;0,00;;;;
Dr.Max104 s.r.o.;Košice - Západ;Okres Košice II;Košický kraj;0,00;0,00;;;;
Steelpharm;Košice - Šaca;Okres Košice II;Košický kraj;0,00;0,00;;;;
Dr.Max 125 s.r.o.;Košice - Západ;Okres Košice II;Košický kraj;0,00;0,00;;;;
Lekáreň Kanianka s.r.o.;Košice - Západ;Okres Košice II;Košický kraj;0,00;0,00;;;;
AGROVARIa export-import spol s.r.o. Lekáreň MAJA;Štúrovo;Okres Nové Zámky;Nitriansky kraj;0,00;0,00;;;;
Lekaren Veča;Šaľa;Okres Šaľa;Nitriansky kraj;;;;;;
Miroslav Kasana SANUS;Nitra;Okres Nitra;Nitriansky kraj;0,00;0,00;;;;
PharmDr. Božena Kelešiová;Mojmírovce;Okres Nitra;Nitriansky kraj;;;;;;
MED-ART s.r.o.;Nitra;Okres Nitra;Nitriansky kraj;755 908,66;;;57 387,28;;
Lekáreň zlatý roh;Nové Zámky;Okres Nové Zámky;Nitriansky kraj;0,00;0,00;;;;
PharmDr. Marian Keleši;Mojmírovce;Okres Nitra;Nitriansky kraj;;;;;;
Mgr.Andrea Valášková;Nitra;Okres Nitra;Nitriansky kraj;;;;;;
Pharm.Dr.Azbeta Ballova Lekáreń Thy-pha;Martovce;Okres Komárno;Nitriansky kraj;0,00;0,00;;;;
QCS Pharma s.r.o.;Nitra;Okres Nitra;Nitriansky kraj;0,00;0,00;;;;
SURLEK, s.r.o.;Šurany;Okres Nové Zámky;Nitriansky kraj;0,00;0,00;;;;
Pharmlek, s.r.o.;Nitra;Okres Nitra;Nitriansky kraj;0,00;0,00;;;;
Lekaren Ave Maria,s.r.o.;Veľké Zálužie;Okres Nitra;Nitriansky kraj;0,00;0,00;;;;
Mgr.Helena Martincová,Lekáreň pod Borinou;Nitra;Okres Nitra;Nitriansky kraj;0,00;0,00;;;;
Zdenpharm,s.r.o.;Nitra;Okres Nitra;Nitriansky kraj;0,00;0,00;;;;
InterMedical, spol. s r.o.;Nitra;Okres Nitra;Nitriansky kraj;0,00;0,00;;;;
PHARMED service, s.r.o.;Nové Zámky;Okres Nové Zámky;Nitriansky kraj;0,00;0,00;;;;
AP s.r.o.;Levice;Okres Levice;Nitriansky kraj;0,00;0,00;;;;
Lekáreň ZDRAVIE,s.r.o.;Šurany;Okres Nové Zámky;Nitriansky kraj;;;;;;
Gamiel,s.r.o.;Veľké Zálužie;Okres Nitra;Nitriansky kraj;0,00;0,00;;;;
APOREA s.r.o.;Golianovo;Okres Nitra;Nitriansky kraj;0,00;0,00;;;;
AVENA LEK;Cabaj - Čápor;Okres Nitra;Nitriansky kraj;0,00;0,00;;;;
ANEMAPHARM s.r.o.;Nitra;Okres Nitra;Nitriansky kraj;0,00;0,00;;;;
calendula pharmacy s.r.o;Komárno;Okres Komárno;Nitriansky kraj;0,00;0,00;;;;
Dineras Slovakia, s.r.o.;Nitra;Okres Nitra;Nitriansky kraj;0,00;0,00;;;;
partnerin s. r.o.;Komárno;Okres Komárno;Nitriansky kraj;0,00;0,00;;;;
VITPHARMA s.r.o.;Topoľčany;Okres Topoľčany;Nitriansky kraj;;;;;;
Lekáreň Centrum Medical;Nové Zámky;Okres Nové Zámky;Nitriansky kraj;0,00;0,00;;;;
Lekáreň Ezoterika s.r.o.;Tešedíkovo;Okres Šaľa;Nitriansky kraj;0,00;0,00;;;;
InterMedical Plus, s.r.o.;Nitra;Okres Nitra;Nitriansky kraj;2 158,00;;;;18 585,34;
InterMedical Group, s.r.o.;Nitra;Okres Nitra;Nitriansky kraj;0,00;0,00;;;;
HOMEO CENTRUM s.r.o.;Nitra;Okres Nitra;Nitriansky kraj;0,00;0,00;;;;
FARMPOL s.r.o.;Výčapy - Opatovce;Okres Nitra;Nitriansky kraj;0,00;0,00;;;;
PHARMCY - NZ, spol. s.r.o.;Nové Zámky;Okres Nové Zámky;Nitriansky kraj;0,00;0,00;;;;
MEDea pharmaceuticals, s.r.o.;Prešov;Okres Prešov;Prešovský kraj;0,00;0,00;;;;
Peter Čarnoký;Levoča;Okres Levoča;Prešovský kraj;;;;;;
PharmDr.Ľubomír Pasternák-lekáreň Remedia;Jarovnice;Okres Sabinov;Prešovský kraj;0,00;0,00;;;;
lekaren Centrum;Snina;Okres Snina;Prešovský kraj;0,00;0,00;;;;
PROM.MEDIC.SK spol. s r.o.;Poprad;Okres Poprad;Prešovský kraj;104 288,00;90 423,00;38 934,20;22 756,80;42 852,58;
ELIXÍR s.r.o.;Stará Ľubovňa;Okres Stará Ľubovňa;Prešovský kraj;0,00;0,00;;;;
APRIAS;Prešov;Okres Prešov;Prešovský kraj;0,00;0,00;;;;
ADUS s.r.o.;Kežmarok;Okres Kežmarok;Prešovský kraj;119,52;;;;;
Oto Bendík-PRO-BEN;Poprad;Okres Poprad;Prešovský kraj;0,00;0,00;;;;
lekáreň Valeriana;Poprad;Okres Poprad;Prešovský kraj;0,00;0,00;;;;
Ing Lukačišinová Alžbeta;Levoča;Okres Levoča;Prešovský kraj;0,00;0,00;;;;
PharmDr.Jana Čarnoká;Levoča;Okres Levoča;Prešovský kraj;;;;;;
ADUSJUH s.r.o.;Kežmarok;Okres Kežmarok;Prešovský kraj;119,52;0,00;;;;
IMUNA PHARM, a.s.;Šarišské Michaľany;Okres Sabinov;Prešovský kraj;1 097,70;10 047,39;;;145,00;
GMPP s.r.o.;Poprad;Okres Poprad;Prešovský kraj;0,00;0,00;;;;
FarmEko, spol. s r.o.;Prešov;Okres Prešov;Prešovský kraj;0,00;0,00;;;;
Lekáreň Echinacea,s.r.o.;Kežmarok;Okres Kežmarok;Prešovský kraj;0,00;0,00;;;;
Medicorp, s.r.o;Prešov;Okres Prešov;Prešovský kraj;0,00;0,00;;;;
APOTHEKE, s.r.o.;Stropkov;Okres Stropkov;Prešovský kraj;99,70;;;;;
GMpharm s.r.o,;Poprad;Okres Poprad;Prešovský kraj;0,00;0,00;;;;
UNIVERSA SP s.r.o.;Stropkov;Okres Stropkov;Prešovský kraj;120,24;0,00;;;;
Lekáreň Vinbarg;Bardejov;Okres Bardejov;Prešovský kraj;0,00;0,00;;;;
Limba Poprad s.r.o.;Gánovce;Okres Poprad;Prešovský kraj;0,00;0,00;;;;
LEKÁREŇ BREZOVICA, s.r.o.;Nižné Repaše;Okres Levoča;Prešovský kraj;0,00;0,00;;;;
LEKÁREŇ HLAVNÁ 79, s.r.o.;Lipany;Okres Sabinov;Prešovský kraj;0,00;0,00;;;;
ADUSPHARM s.r.o.;Poprad;Okres Poprad;Prešovský kraj;1 758,20;0,00;;;;
AMAROB;Prešov;Okres Prešov;Prešovský kraj;0,00;0,00;;;;
ADUSPLUS s.r.o.;Poprad;Okres Poprad;Prešovský kraj;119,52;0,00;;;;
ADUSCENTRUM s.r.o.;Poprad;Okres Poprad;Prešovský kraj;119,52;0,00;;;;
BELLADONNA, s.r.o.;Vranov nad Topľou;Okres Vranov nad Topľou;Prešovský kraj;12 510,00;0,00;;;;
Ivera s.r.o.;Vranov nad Topľou;Okres Vranov nad Topľou;Prešovský kraj;0,00;0,00;;;;
Lekáreň Echinacea-Lendak, s.r.o.;Kežmarok;Okres Kežmarok;Prešovský kraj;0,00;0,00;;;;
Sakas, spol. s r.o.;Bardejov;Okres Bardejov;Prešovský kraj;0,00;0,00;;;;
VAMIR s.r.o.;Prešov;Okres Prešov;Prešovský kraj;0,00;0,00;;;;
Terveys,s.r.o lekáreň Jozef;Vranov nad Topľou;Okres Vranov nad Topľou;Prešovský kraj;0,00;0,00;;;;
Caritas Spiš, s.r.o.;Spišské Podhradie;Okres Levoča;Prešovský kraj;0,00;0,00;;;;
Netpharma s.r.o.;Kežmarok;Okres Kežmarok;Prešovský kraj;0,00;0,00;;;;
Slofit,s.r.o.;Kežmarok;Okres Kežmarok;Prešovský kraj;0,00;0,00;;;;
SALVATOR;Prešov;Okres Prešov;Prešovský kraj;600,00;0,00;;;;
K&K Pharmacy IX., s.r.o.;Prešov;Okres Prešov;Prešovský kraj;0,00;0,00;;;;
PHARMGEN s.r.o.;Prešov;Okres Prešov;Prešovský kraj;0,00;0,00;;;;
Pharm Trade spol. sr.o.;Prešov;Okres Prešov;Prešovský kraj;0,00;0,00;;;;
ADUSTRADE s.r.o.;Poprad;Okres Poprad;Prešovský kraj;0,00;0,00;;;;
Lekáreň Marcus s.r.o.;Poprad;Okres Poprad;Prešovský kraj;0,00;0,00;;;;
FONTÁNA SP s.r.o.;Stropkov;Okres Stropkov;Prešovský kraj;0,20;;;;;
Nemocnica s poliklinikou Považská Bystrica;Považská Bystrica;Okres Považská Bystrica;Trenčiansky kraj;0,00;0,00;;;;
PharmDr.Andrea Uhrinová;Púchov;Okres Púchov;Trenčiansky kraj;114,70;;;114,70;;
EuDent, spol. s r. o.;Trenčín;Okres Trenčín;Trenčiansky kraj;0,00;0,00;;;;
Lekáreň Jantár;Drietoma;Okres Trenčín;Trenčiansky kraj;0,00;0,00;;;;
BIOHEM, spol. s r.o.;Trenčín;Okres Trenčín;Trenčiansky kraj;302 760,96;0,00;;;9 319,02;464,27
Techmac;Považská Bystrica;Okres Považská Bystrica;Trenčiansky kraj;;;;;;
LEKÁREŇ SEVER, s.r.o.;Prievidza;Okres Prievidza;Trenčiansky kraj;670,00;;;;;
Unipharma - 1. slovenská lekárnická akciová spoločnosť;Bojnice;Okres Prievidza;Trenčiansky kraj;458 038,83;0,00;895,00;86 790,25;15 445,14;1 545,32
Mgr. Marie Vidová LEKÁREŇ EVA;Lehota pod Vtáčnikom;Okres Prievidza;Trenčiansky kraj;0,00;0,00;;;;
Lekaren Kamelia;Partizánske;Okres Partizánske;Trenčiansky kraj;0,00;0,00;;;;
Lekáreň ARNIKA;Skačany;Okres Partizánske;Trenčiansky kraj;0,00;0,00;;;;
NATUR STUPAVA s.r.o.;Trenčín;Okres Trenčín;Trenčiansky kraj;0,00;0,00;;;;
Medirel-Slovakia s.r.o.;Nové Mesto nad Váhom;Okres Nové Mesto nad Váhom;Trenčiansky kraj;0,00;0,00;;;;
VIVAX Pharmaceuticals, s.r.o.;Považská Bystrica;Okres Považská Bystrica;Trenčiansky kraj;293 001,27;0,00;15 220,00;33 915,00;0,00;0,00
PharmDr. Helena Divékyová-lekáreň Vaba;Valaská Belá;Okres Prievidza;Trenčiansky kraj;0,00;0,00;;;;
Roncor, a.s.;Moravské Lieskové;Okres Nové Mesto nad Váhom;Trenčiansky kraj;;;;5 654,80;;
MEDAC SR, spol. s r.o.;Trenčín;Okres Trenčín;Trenčiansky kraj;3 604,00;;;;;
BEJP-Tn, s.r.o;Melčice - Lieskové;Okres Trenčín;Trenčiansky kraj;0,00;0,00;;;;
Lekaren m;Trenčianske Teplice;Okres Trenčín;Trenčiansky kraj;0,00;0,00;;;;
Belmedika,s.r.o.;Beluša;Okres Púchov;Trenčiansky kraj;79,70;;;79,70;;
Lekáreň CARITAS;Prievidza;Okres Prievidza;Trenčiansky kraj;0,00;0,00;;;;
"Mgr.Anna Šťastná - Lekáreň ""Šťastie""";Prievidza;Okres Prievidza;Trenčiansky kraj;0,00;0,00;;;;
ZLATÁ RUŽA s.r.o.;Prievidza;Okres Prievidza;Trenčiansky kraj;10,00;50,00;;;;
Lekáreň FARMÁCIA FINA, s. r. o.;Prievidza;Okres Prievidza;Trenčiansky kraj;190,00;;;;;
Lekáreň NIKA s.r.o.;Nemšová;Okres Trenčín;Trenčiansky kraj;0,00;0,00;;;;
Lekáreň Valika, s.r.o;Bánovce nad Bebravou;Okres Bánovce nad Bebravou;Trenčiansky kraj;0,00;0,00;;;;
PharmaPro, s.r.o.;Trenčianske Jastrabie;Okres Trenčín;Trenčiansky kraj;0,00;0,00;;;;
PHARMAQUA ST, s.r.o.;Stará Turá;Okres Nové Mesto nad Váhom;Trenčiansky kraj;;;;462,00;;
Pharmawell SK, s.r.o.;Handlová;Okres Prievidza;Trenčiansky kraj;0,00;0,00;;;;
Co-Labs, s.r.o.;Trenčín;Okres Trenčín;Trenčiansky kraj;0,00;0,00;;;;
ProLife Centrum s.r.o.;Považská Bystrica;Okres Považská Bystrica;Trenčiansky kraj;0,00;0,00;;;;
LEKÁREŇ U POŠTÁRKY s.r.o.;Považská Bystrica;Okres Považská Bystrica;Trenčiansky kraj;0,00;0,00;;;;
ARNICA PRIMA s.r.o.;Trenčín;Okres Trenčín;Trenčiansky kraj;0,00;0,00;;;;
BIOMIN,a.s;Cífer;Okres Trnava;Trnavský kraj;3 200,00;578,40;;;;
Lekáreň Aurea;Rohovce;Okres Dunajská Streda;Trnavský kraj;0,00;0,00;;;;
PharmDr. Zuzana Györgyová - Lekáreň VIKTÓRIA;Dunajská Streda;Okres Dunajská Streda;Trnavský kraj;0,00;0,00;;;;
Fresenius Medical Care Slovensko, spol. s r. o.;Piešťany;Okres Piešťany;Trnavský kraj;47 520,00;;;;;
lekáreň Aida;Mostová;Okres Galanta;Trnavský kraj;0,00;0,00;;;;
Mgr.Oľga Hertlová;Skalica;Okres Skalica;Trnavský kraj;0,00;0,00;;;;
Lekáreň Herba MV;Pata;Okres Galanta;Trnavský kraj;0,00;0,00;;;;
Lekáreň Dolná Krupá;Dolná Krupá;Okres Trnava;Trnavský kraj;0,00;0,00;;;;
Lekáreň Humanitas;Gabčíkovo;Okres Dunajská Streda;Trnavský kraj;0,00;0,00;;;;
Beata Ižófová -Lekáreň  MEDICANA;Galanta;Okres Galanta;Trnavský kraj;0,00;0,00;;;;
PharmDr. Jana Rangelová;Skalica;Okres Skalica;Trnavský kraj;0,00;0,00;;;;
FLOSTILIA, s.r.o.;Sereď;Okres Galanta;Trnavský kraj;0,00;0,00;;;;
Akustik plus, s.r.o.;Trnava;Okres Trnava;Trnavský kraj;;;;4 849,80;;
PERLOVKA, spol. s r.o.;Sereď;Okres Galanta;Trnavský kraj;0,00;0,00;;;;
KARA med s.r.o.;Kopčany;Okres Skalica;Trnavský kraj;0,00;0,00;;;;
Lekáreň Andromeda s.r.o.;Trnava;Okres Trnava;Trnavský kraj;0,00;0,00;;;;
PHARMAHOLDING M - A., spol. s r.o.;Dunajská Streda;Okres Dunajská Streda;Trnavský kraj;0,00;0,00;;;;
SOPHIA-RF;Cerová;Okres Senica;Trnavský kraj;0,00;0,00;;;;
Lekáreň salibská;Horné Saliby;Okres Galanta;Trnavský kraj;0,00;0,00;;;;
Verbascum,s.r.o.;Moravský Svätý Ján;Okres Senica;Trnavský kraj;0,00;0,00;;;;
Harmóniapharm s.r.o.;Baloň;Okres Dunajská Streda;Trnavský kraj;0,00;0,00;;;;
CANDE s.r.o.;Piešťany;Okres Piešťany;Trnavský kraj;32 976,00;0,00;27 372,00;5 604,00;;
VIM-LEK s.r.o.;Trnava;Okres Trnava;Trnavský kraj;0,00;0,00;;;;
Na prednadraží, a.s.;Vrbové;Okres Piešťany;Trnavský kraj;;;;;40,00;
LEKAREN PRI VAHU;Piešťany;Okres Piešťany;Trnavský kraj;0,00;0,00;;;;
TvMedica;Trnava;Okres Trnava;Trnavský kraj;5 400,00;0,00;;;;
Lambda Synergy s.r.o.;Dunajská Streda;Okres Dunajská Streda;Trnavský kraj;0,00;0,00;;;;
MEDICOM PLUS s.r.o.;Trnava;Okres Trnava;Trnavský kraj;0,00;0,00;;;;
LEGIBA s.r.o.;Skalica;Okres Skalica;Trnavský kraj;0,00;0,00;;;;
Mylan Healthcare GmbH, Nemecko;Zahraničie;Zahraničie;Zahraničie;0,00;0,00;;;;
Medi-Radiopharma Co., Ltd.;Zahraničie;Zahraničie;Zahraničie;0,00;0,00;;;;
Glaxo Group Limited, Spojené kráľovstvo;Zahraničie;Zahraničie;Zahraničie;0,00;0,00;;;;
"Tarchomińskie Zaklady Farmaceutyczne ""Polfa"" Spólka Akcyjna, Poľsko ";Zahraničie;Zahraničie;Zahraničie;0,00;0,00;;;;
Medindex, spol. s.ro.;Zahraničie;Zahraničie;Zahraničie;0,00;0,00;;;;
Profarma-Produkt, s.r.o., Česká republika;Zahraničie;Zahraničie;Zahraničie;;390,00;;;;
Merz Pharmaceuticals GmbH, Eckenheimer Landstrasse 100, 60318 Frankfurt/Germany;Zahraničie;Zahraničie;Zahraničie;0,00;0,00;;;;
Pfizer Limited United Kingdom;Zahraničie;Zahraničie;Zahraničie;;;4 067,24;;10 840,69;
URSAPHARM spol. s r.o., Česká republika;Zahraničie;Zahraničie;Zahraničie;0,00;0,00;;;;
Teofarma S.r.l., Taliansko;Zahraničie;Zahraničie;Zahraničie;0,00;0,00;;;;
Nicobrand Limited, Spojené kráľovstvo;Zahraničie;Zahraničie;Zahraničie;0,00;0,00;;;;
Merck KGaA, Nemecko;Zahraničie;Zahraničie;Zahraničie;0,00;0,00;17 664,00;56 288,03;1 621,03;
Proenzi s.r.o., Česká republika;Zahraničie;Zahraničie;Zahraničie;0,00;0,00;;;;
Recordati Industria Chimica e Farmaceutica S.p.A, Taliansko;Zahraničie;Zahraničie;Zahraničie;0,00;0,00;;;;
Intercept Pharma Ltd, One, Glass Wharf, Bristol, BS2 0ZX, Spojené Kráľovstvo;Zahraničie;Zahraničie;Zahraničie;0,00;0,00;;;;
PFIZER EU PFE MA EEIG United Kingdom;Zahraničie;Zahraničie;Zahraničie;;;;;;
Dr. Friedrich Eberth Arzneimittel, Nemecko;Zahraničie;Zahraničie;Zahraničie;0,00;0,00;;;;
GlaxoSmithKline Pharmaceuticals SA, Poľsko;Zahraničie;Zahraničie;Zahraničie;0,00;0,00;;;;
VUAB Pharma a.s., Česká republika;Zahraničie;Zahraničie;Zahraničie;0,00;14 683,60;;;;
MEDA  Pharma GmbH;Zahraničie;Zahraničie;Zahraničie;;;;;;
Basilea Medical Ltd. United kingdom;Zahraničie;Zahraničie;Zahraničie;;;;;;
Dr.Max Pharma Ltd.;Zahraničie;Zahraničie;Zahraničie;0,00;0,00;;;;
Alexion Pharma Czech, s.r.o., Česká republika;Zahraničie;Zahraničie;Zahraničie;;;;;2 592,22;
Mylan Products Limited, Spojené kráľovstvo ;Zahraničie;Zahraničie;Zahraničie;0,00;11 327,24;;;;
BioMarin Europe Ltd.,Ireland;Zahraničie;Zahraničie;Zahraničie;10 700,00;;;;;
Madaus GmbH ;Zahraničie;Zahraničie;Zahraničie;;;;;;
Pierre Fabre Dermo-Cosmetique Tchequie, s.r.o., Česká republika;Zahraničie;Zahraničie;Zahraničie;0,00;3 795,58;;;;
Gedeon Richter Plc.;Zahraničie;Zahraničie;Zahraničie;;;;;;
Cyathus Exquirere;Zahraničie;Zahraničie;Zahraničie;0,00;0,00;;;;
Takeda France SAS, Francúzska republika;Zahraničie;Zahraničie;Zahraničie;0,00;0,00;;;;
WZF Polfa S.A.;Zahraničie;Zahraničie;Zahraničie;4 600,00;;;;;
Generics (U.K.) Limited, UK;Zahraničie;Zahraničie;Zahraničie;;;;;;
Laboratoire HRA - PHARMA;Zahraničie;Zahraničie;Zahraničie;0,00;6 998,32;;;;
PFIZER EUROPE MA EEIG United Kingdom;Zahraničie;Zahraničie;Zahraničie;;;;;;
Lipomed GmbH, Nemecko;Zahraničie;Zahraničie;Zahraničie;0,00;0,00;;;;
Aristo Pharma GmbH;Zahraničie;Zahraničie;Zahraničie;0,00;0,00;;;;
Merck Serono S.p.A, Taliansko;Zahraničie;Zahraničie;Zahraničie;0,00;0,00;;;;
Glim Care s.r.o., Česká republika;Zahraničie;Zahraničie;Zahraničie;0,00;100,00;3 234,00;;;
HOSPIRA UK LIMITED United Kingdom;Zahraničie;Zahraničie;Zahraničie;;;;;;
GlaxoSmithKline Vaccines S.r.l., Taliansko;Zahraničie;Zahraničie;Zahraničie;0,00;0,00;;;;
Bioproject Europe Ltd., Írsko;Zahraničie;Zahraničie;Zahraničie;0,00;6 161,66;;;;
PFIZER EUROPE MA EEIG Belgium;Zahraničie;Zahraničie;Zahraničie;;;;;;
Adamed Sp. z o.o., Poľsko;Zahraničie;Zahraničie;Zahraničie;0,00;0,00;;;;
Medreg s.r.o.;Zahraničie;Zahraničie;Zahraničie;0,00;0,00;;;;
Merck Selbstmedikation GmbH, Nemecko;Zahraničie;Zahraničie;Zahraničie;0,00;0,00;;;;
Bayer Aktiengesellschaft;Zahraničie;Zahraničie;Zahraničie;0,00;0,00;19 049,00;43 738,40;2 089,24;
Recordati Ireland Limited, Írsko;Zahraničie;Zahraničie;Zahraničie;0,00;0,00;;;;
Janssen-Cilag International NV Belgicko;Zahraničie;Zahraničie;Zahraničie;0,00;0,00;;123 896,34;;
Tillotts Pharma Czech s.r.o., Česká republika;Zahraničie;Zahraničie;Zahraničie;0,00;0,00;;;;
esparma GmbH, SRN;Zahraničie;Zahraničie;Zahraničie;0,00;0,00;;;;
BRISTOL-MYERS SQUIBB/PFIZER EEIG United Kingdom;Zahraničie;Zahraničie;Zahraničie;;;;;;
Bayer Oy;Zahraničie;Zahraničie;Zahraničie;0,00;0,00;;;;
Zakłady Farmaceutyczne Polpharma S.A.;Zahraničie;Zahraničie;Zahraničie;21 700,00;;;;;
GSK Vaccines GmbH, Nemecko;Zahraničie;Zahraničie;Zahraničie;0,00;0,00;;;;
CHEPLAPHARM Arzneimittel GmbH, Nemecko;Zahraničie;Zahraničie;Zahraničie;0,00;0,00;;;;
Herbacos Recordati s.r.o.;Zahraničie;Zahraničie;Zahraničie;171 190,51;18 937,67;;;;
D.M.G. Italia s.r.l.;Zahraničie;Zahraničie;Zahraničie;0,00;7 102,80;;;;
Idelyn s.r.o., Česká republika;Zahraničie;Zahraničie;Zahraničie;0,00;0,00;;;;
Pabianickie Zakłady Farmaceutyczne Polfa S.A., Poľsko;Zahraničie;Zahraničie;Zahraničie;0,00;0,00;;;;
 Mylan S.A.S., FR;Zahraničie;Zahraničie;Zahraničie;;;;;;
Innotech International;Zahraničie;Zahraničie;Zahraničie;0,00;314,87;;;;
Pears Health Cyber, s.r.o., Česká Republika;Zahraničie;Zahraničie;Zahraničie;10 488,00;;10 488,00;;;
McNeil AB, Švédsko;Zahraničie;Zahraničie;Zahraničie;0,00;0,00;;;;
Amdipharm Limited, Írsko ;Zahraničie;Zahraničie;Zahraničie;0,00;0,00;;;;
Takeda Pharma A/S, Dánske kráľovstvo;Zahraničie;Zahraničie;Zahraničie;0,00;0,00;;;;
LABORATOIRES THÉA, Francúzsko;Zahraničie;Zahraničie;Zahraničie;0,00;0,00;;;;
MUCOS Pharma GmbH Co. KG, Nemecko;Zahraničie;Zahraničie;Zahraničie;368 384,25;13 528,78;;;;
DH-norm s.r.o., Česká republika;Zahraničie;Zahraničie;Zahraničie;0,00;0,00;;;;
MEDA AB;Zahraničie;Zahraničie;Zahraničie;;;;;;
Mylan IRE Healthcare Limited, Írsko;Zahraničie;Zahraničie;Zahraničie;102 477,04;5 443,49;;;;
Casen Recordati S.L, Španielsko;Zahraničie;Zahraničie;Zahraničie;0,00;0,00;;;;
BIOCODEX, Francúzsko;Zahraničie;Zahraničie;Zahraničie;0,00;0,00;;;;
Merck Serono Europe Ltd., Veľká Británia;Zahraničie;Zahraničie;Zahraničie;0,00;0,00;;;;
Merck Santé s.a.s, Francúzsko;Zahraničie;Zahraničie;Zahraničie;0,00;0,00;;;;
URSAPHARM Arzneimittel GmbH;Zahraničie;Zahraničie;Zahraničie;0,00;0,00;;;;
Biomedica, spol. s r.o.;Zahraničie;Zahraničie;Zahraničie;988,00;0,00;;988,00;;0,00
ViiV Healthcare UK Limited, Spojené kráľovstvo;Zahraničie;Zahraničie;Zahraničie;0,00;0,00;;;;
Takeda GmbH, Nemecká spolková republika;Zahraničie;Zahraničie;Zahraničie;0,00;0,00;;;;
Walmark a.s.,  Česká republika;Zahraničie;Zahraničie;Zahraničie;385 101,00;11 736,00;298,80;;;
Pharmathen S.A., Grécko;Zahraničie;Zahraničie;Zahraničie;0,00;0,00;;;;
McNeil Products Limited, Veľká Británia;Zahraničie;Zahraničie;Zahraničie;0,00;0,00;;;;
VERTEX PHARMACEUTICALS - US;Zahraničie;Zahraničie;Zahraničie;;;;;178,81;
GlaxoSmithKline Biologicals SA, Belgicko;Zahraničie;Zahraničie;Zahraničie;0,00;0,00;;;;
PHARMAGEN CZ s.r.o., Česká republika;Zahraničie;Zahraničie;Zahraničie;0,00;0,00;;;;
CSL BEHRING;Zahraničie;Zahraničie;Zahraničie;;;;;31 604,00;39 880,00
ÚJV Řež;Zahraničie;Zahraničie;Zahraničie;0,00;0,00;;;;
AXONIA, a.s., Česká republika;Zahraničie;Zahraničie;Zahraničie;0,00;0,00;;;;
Takeda Austria GmbH, Rakúska republika;Zahraničie;Zahraničie;Zahraničie;0,00;0,00;;;;
Astellas Pharma s.r.o., Česká republika;Zahraničie;Zahraničie;Zahraničie;130 462,59;10 867,00;0,00;;33 343,24;
GlaxoSmithKline Trading Services Limited, Írsko;Zahraničie;Zahraničie;Zahraničie;0,00;0,00;;;;
NORDIC Pharma, s.r.o.;Zahraničie;Zahraničie;Zahraničie;0,00;3 880,00;;;;
Pierre Fabre Medicament s.r.o., Česká republika;Zahraničie;Zahraničie;Zahraničie;31 457,00;7 850,00;19 629,00;2 800,00;;
INN-FARM d.o.o., Slovinsko;Zahraničie;Zahraničie;Zahraničie;0,00;0,00;;;;
Incyte Biosciences Distribution B.V., Paasheuvelweg 25, 1105 BP Amsterdam, Netherlands;Zahraničie;Zahraničie;Zahraničie;0,00;0,00;;;;
Astellas Pharma Europe B.V., Holandsko   ;Zahraničie;Zahraničie;Zahraničie;0,00;0,00;34 380,00;4 950,00;91 480,29;594,23
Zakład Farmaceutyczny Adamed Pharma S.A., Poľsko;Zahraničie;Zahraničie;Zahraničie;0,00;0,00;;;;
Almirall S.A, Španielsko;Zahraničie;Zahraničie;Zahraničie;;;;14 005,00;;
Gilead Sciences International Ltd.,Veľká Británia;Zahraničie;Zahraničie;Zahraničie;0,00;0,00;;;;
Ipsen Pharma;Zahraničie;Zahraničie;Zahraničie;0,00;175 407,30;;;;
Medana Pharma S.A, Poľsko;Zahraničie;Zahraničie;Zahraničie;3 600,00;;;;;
Béres Pharmaceuticals Ltd.;Zahraničie;Zahraničie;Zahraničie;;1 642,56;;;;
Pfizer Ireland Pharmaceutical Ireland;Zahraničie;Zahraničie;Zahraničie;;;;;;
Dr. Max Pharma s.r.o.;Zahraničie;Zahraničie;Zahraničie;0,00;0,00;;;;
Adamed Czech Republic s.r.o., Česká republika;Zahraničie;Zahraničie;Zahraničie;0,00;0,00;;;;
EVER Valinject GmbH;Zahraničie;Zahraničie;Zahraničie;0,00;0,00;;;;
ImunomedicA, a.s., Česká republika, 400 02 Ústí nad Labem, Chuderov 118;Zahraničie;Zahraničie;Zahraničie;0,00;0,00;;2 470,00;;
Liptovská nemocnica s poliklinikou MUDr. Ivana Stodolu Liptovský Mikuláš;Liptovský Mikuláš;Okres Liptovský Mikuláš;Žilinský kraj;760,00;;;;;
HBM Pharma s.r.o.;Martin;Okres Martin;Žilinský kraj;0,00;0,00;;;;
BB Pharma s.r.o.;Martin;Okres Martin;Žilinský kraj;140,00;0,00;;;;
Vitalis, spol. s r.o.;Liptovský Mikuláš;Okres Liptovský Mikuláš;Žilinský kraj;;;;8 944,50;;
SAPPADA, spol. s r.o.;Martin;Okres Martin;Žilinský kraj;10 040,00;0,00;;;;
Hu-Fa Dental, s.r.o.;Čadca;Okres Čadca;Žilinský kraj;360,00;;;;;
DVZ, s.r.o.;Žilina;Okres Žilina;Žilinský kraj;0,00;0,00;;;;
FARMACIA PLUS, spol. s r. o.;Námestovo;Okres Námestovo;Žilinský kraj;;;;;;
Lekareň Salve , s r.o.;Žilina;Okres Žilina;Žilinský kraj;0,00;0,00;;;;
Lekáreň Lietavská Lúčka, s.r.o.;Lietavská Lúčka;Okres Žilina;Žilinský kraj;0,00;0,00;;;;
Lekáreň pri mlyne,s.r.o.;Nová Bystrica;Okres Čadca;Žilinský kraj;0,00;0,00;;;;
Senium Medica s.r.o.;Martin;Okres Martin;Žilinský kraj;19 998,00;0,00;;;;
Profipharma;Rudina;Okres Kysucké Nové Mesto;Žilinský kraj;2 494,20;2 000,00;;;;
PHAREX, s.r.o.;Martin;Okres Martin;Žilinský kraj;151 181,98;62,51;;;;
Farmácia Martin a.s.;Martin;Okres Martin;Žilinský kraj;0,00;0,00;;;;
LKA Invest, s.r.o.;Žilina;Okres Žilina;Žilinský kraj;0,00;0,00;;;;
Zdravé stránky;Žilina;Okres Žilina;Žilinský kraj;0,00;0,00;;;;
Lekáreň Košťany;Košťany nad Turcom;Okres Martin;Žilinský kraj;0,00;0,00;;;;
AUDIOCENTRUM SK, s.r.o.;Žilina;Okres Žilina;Žilinský kraj;216,54;;;;;
Lekáreň u Štefánika, s.r.o.;Žilina;Okres Žilina;Žilinský kraj;0,00;0,00;;;;
slovap5, s.r.o.;Martin;Okres Martin;Žilinský kraj;0,00;0,00;;;;
pharmdr.Alena Sidorová;Martin;Okres Martin;Žilinský kraj;0,00;0,00;;;;
Demropolis;Martin;Okres Martin;Žilinský kraj;0,00;0,00;;;;
Lekáreň Oščadnica, s.r.o.;Čadca;Okres Čadca;Žilinský kraj;;;;;;
ELVA Pharma SLOVAKIA s.r.o.;Žilina;Okres Žilina;Žilinský kraj;3 150,00;5 055,00;;5 055,00;;50,00
AtB Pharma s.r.o.;Martin;Okres Martin;Žilinský kraj;0,00;0,00;;;;
REALMED, s.r.o.;Bratislava - Staré Mesto;Okres Bratislava I;Bratislavský kraj;0,00;0,00;;;;
Lekáreň Tesco Košice, k. s.;Košice - Juh;Okres Košice IV;Košický kraj;0,00;0,00;;;;
Lekáreň Tesco Dunajská Streda, k. s.;Košice - Juh;Okres Košice IV;Košický kraj;0,00;0,00;;;;
ESIT, s.r.o.;Banská Bystrica;Okres Banská Bystrica;Banskobystrický kraj;0,00;0,00;;;;
FARMSTRED spol. s r.o.;Prešov;Okres Prešov;Prešovský kraj;0,00;0,00;;;;
BIOXA Therapeutics, s. r. o.;Považská Bystrica;Okres Považská Bystrica;Trenčiansky kraj;0,00;0,00;;;;
LEKÁREŇ U SPASITEĽA, s.r.o.;Prešov;Okres Prešov;Prešovský kraj;0,00;0,00;;;;
Lekáreň Tesco Piešťany, k.s.;Košice - Juh;Okres Košice IV;Košický kraj;0,00;0,00;;;;
FARMAMI, spol. s r.o.;Prešov;Okres Prešov;Prešovský kraj;0,00;0,00;;;;
MERCIPHARM s.r.o.;Prešov;Okres Prešov;Prešovský kraj;0,00;0,00;;;;
FARMABLA, spol. s r.o.;Prešov;Okres Prešov;Prešovský kraj;0,00;0,00;;;;
E.P.A. ZDRAVIE, s.r.o.;Malacky;Okres Malacky;Bratislavský kraj;0,00;0,00;;;;
Zdravmatsk, s.r.o.;Komárno;Okres Komárno;Nitriansky kraj;0,00;0,00;;;;
FARMAKOL spol.s r.o.Ľubotice;Ľubotice;Okres Prešov;Prešovský kraj;0,00;0,00;;;;
Mgr. Iveta Zavacká LEKÁREŇ ZENIT;Nové Zámky;Okres Nové Zámky;Nitriansky kraj;0,00;0,00;;;;
PREPHARE, s.r.o.;Bratislava - Ružinov;Okres Bratislava II;Bratislavský kraj;0,00;0,00;;;;
VITAE PLUS, s.r.o.-PhMr. Emília Benková;Vrbové;Okres Piešťany;Trnavský kraj;0,00;0,00;;;;
MEDICAMENTUM s.r.o.;Bardejov;Okres Bardejov;Prešovský kraj;0,00;0,00;;;;
Rotpharm, s.r.o.;Michalovce;Okres Michalovce;Košický kraj;0,00;0,00;;;;
PHARMACY - PD s.r.o.;Prešov;Okres Prešov;Prešovský kraj;0,00;0,00;;;;
PHARMACY-BA, spol. s r.o.;Prešov;Okres Prešov;Prešovský kraj;0,00;0,00;;;;
FARMSOB, spol. s r.o.;Prešov;Okres Prešov;Prešovský kraj;0,00;0,00;;;;
Mgr. Erika Žužová, Lekáreň AKÁCIA;Trnava pri Laborci;Okres Michalovce;Košický kraj;0,00;0,00;;;;
VitalPharm, spol. s r. o.;Prešov;Okres Prešov;Prešovský kraj;0,00;0,00;;;;
FARMADIN, spol. s r.o.;Prešov;Okres Prešov;Prešovský kraj;0,00;0,00;;;;
Rabeno, s.r.o.;Prešov;Okres Prešov;Prešovský kraj;0,00;0,00;;;;
FARMAFARM, spol. s r.o.;Prešov;Okres Prešov;Prešovský kraj;0,00;0,00;;;;
PROTETIKA, a.s.;Bratislava - Nové Mesto;Okres Bratislava III;Bratislavský kraj;0,00;0,00;;;;
BAX PHARMA, s.r.o.;Bratislava - Staré Mesto;Okres Bratislava I;Bratislavský kraj;0,00;0,00;;;;
BIONT, a.s.;Bratislava - Karlova Ves;Okres Bratislava IV;Bratislavský kraj;0,00;0,00;;;;
Vista Point s.r.o.;Bratislava - Ružinov;Okres Bratislava II;Bratislavský kraj;0,00;0,00;;;;
BSC Logistics s. r. o.;Bratislava - Staré Mesto;Okres Bratislava I;Bratislavský kraj;0,00;0,00;;;;
FedCor s.r.o. ;Prešov;Okres Prešov;Prešovský kraj;0,00;0,00;;;;
TATRAN Prešov, spol. s r.o.;Prešov;Okres Prešov;Prešovský kraj;0,00;0,00;;;;
LEGAP, s.r.o.;Nitra;Okres Nitra;Nitriansky kraj;0,00;0,00;;;;
HERBAE, s.r.o.;Handlová;Okres Prievidza;Trenčiansky kraj;0,00;0,00;;;;
PharmDr. Henrieta Hazuchová;Preseľany;Okres Topoľčany;Nitriansky kraj;0,00;0,00;;;;
FARMAMICH, spol. s r.o.;Prešov;Okres Prešov;Prešovský kraj;0,00;0,00;;;;
Farmaplus, spoločnosť s ručením obmedzeným;Prešov;Okres Prešov;Prešovský kraj;0,00;0,00;;;;
FARMATIN, spol. s r.o., Lekáreň Stráňany;Prešov;Okres Prešov;Prešovský kraj;0,00;0,00;;;;
Špecializovaná nemocnica sv.Svorada Zobor,n.o.;Nitra;Okres Nitra;Nitriansky kraj;0,00;0,00;;;;
Mgr. Zoltán Antal;Tornaľa;Okres Revúca;Banskobystrický kraj;0,00;0,00;;;;
FARMAHE, spol. s r.o.;Prešov;Okres Prešov;Prešovský kraj;0,00;0,00;;;;
FARMSPOL, spol. s r.o.;Prešov;Okres Prešov;Prešovský kraj;0,00;0,00;;;;
TALENT, s r.o. Moldava nad Bodvou ;Prešov;Okres Prešov;Prešovský kraj;0,00;0,00;;;;
Radvanská lekáreň, spol. s r.o.;Banská Bystrica;Okres Banská Bystrica;Banskobystrický kraj;0,00;0,00;;;;
Pharmpartner s. r. o.;Bratislava - Ružinov;Okres Bratislava II;Bratislavský kraj;0,00;0,00;;;;
Mgr. Miroslava Rožoková, KAMÉLIA s.r.o.;Zemplínska Teplica;Okres Trebišov;Košický kraj;0,00;0,00;;;;
FARMAPAP, spol. s r.o;Prešov;Okres Prešov;Prešovský kraj;0,00;0,00;;;;
KMŠ, s.r.o., Miloslav Chmeliar;Prešov;Okres Prešov;Prešovský kraj;0,00;0,00;;;;
Lekáreň Tesco Senec, k.s.;Košice - Juh;Okres Košice IV;Košický kraj;0,00;0,00;;;;
FARMAKOV, spol. s r.o.;Prešov;Okres Prešov;Prešovský kraj;0,00;0,00;;;;
FARMABRA, spol. s r.o.;Prešov;Okres Prešov;Prešovský kraj;0,00;0,00;;;;
Lekáreň Tesco Petržalka, k. s.;Košice - Juh;Okres Košice IV;Košický kraj;0,00;0,00;;;;
Lekáreň Tesco Lamač, k. s.;Košice - Juh;Okres Košice IV;Košický kraj;0,00;0,00;;;;
TT Pharma, s.r.o.;Trnava;Okres Trnava;Trnavský kraj;0,00;0,00;;;;
TEXTIPOL, spol. s r.o.;Prešov;Okres Prešov;Prešovský kraj;0,00;0,00;;;;
PETRA - FARM, spol. s r.o.;Bratislava - Ružinov;Okres Bratislava II;Bratislavský kraj;0,00;0,00;;;;
Pharmeco, s.r.o.;Banská Bystrica;Okres Banská Bystrica;Banskobystrický kraj;0,00;0,00;;;;
PHARMICA, spol. s r.o.;Piešťany;Okres Piešťany;Trnavský kraj;0,00;0,00;;;;
GALVEX, spol. s r.o., PharmDr. Libuše Kamasová;Banská Bystrica;Okres Banská Bystrica;Banskobystrický kraj;0,00;0,00;;;;
FARMLEK s.r.o.;Ľubotice;Okres Prešov;Prešovský kraj;0,00;0,00;;;;
Zdr.stred.Totus Tuus Podun.Biskupice,s.r.o.;Dunajská Lužná;Okres Senec;Bratislavský kraj;0,00;0,00;;;;
Národné rehabilitačné centrum;Kováčová;Okres Zvolen;Banskobystrický kraj;0,00;0,00;;;;
FARMIS, spol. s r.o.;Prešov;Okres Prešov;Prešovský kraj;0,00;0,00;;;;
Poliklinika Senica, n.o.;Senica;Okres Senica;Trnavský kraj;0,00;0,00;;;;
MEDIUS PHARM s.r.o.;Bardejov;Okres Bardejov;Prešovský kraj;0,00;0,00;;;;
Farmamed, spol. s r.o.;Prešov;Okres Prešov;Prešovský kraj;0,00;0,00;;;;
FARMACENT, spol. s r.o.;Prešov;Okres Prešov;Prešovský kraj;0,00;0,00;;;;
RacioMed s.r.o.;Košice - Juh;Okres Košice IV;Košický kraj;0,00;0,00;;;;
FARMAPOP, spol. s r.o.;Prešov;Okres Prešov;Prešovský kraj;0,00;0,00;;;;
HAKRA, s.r.o.;Prešov;Okres Prešov;Prešovský kraj;0,00;0,00;;;;
MVDr. Igor Rohoň, Farkema Plus s.r.o.;Prešov;Okres Prešov;Prešovský kraj;0,00;0,00;;;;
Duslo, a.s.;Šaľa;Okres Šaľa;Nitriansky kraj;0,00;0,00;;;;
FARMDIS, spol. s r.o.;Prešov;Okres Prešov;Prešovský kraj;0,00;0,00;;;;
KOROS s.r.o., Mária Koromházová;Sobrance;Okres Sobrance;Košický kraj;0,00;0,00;;;;
Lekáreň ZORNICA, s. r. o.;Bánovce nad Bebravou;Okres Bánovce nad Bebravou;Trenčiansky kraj;0,00;0,00;;;;
FARMALUK, spol. s r.o.;Prešov;Okres Prešov;Prešovský kraj;0,00;0,00;;;;
FARMACE, spol. s r.o.;Prešov;Okres Prešov;Prešovský kraj;0,00;0,00;;;;
Vistelan s.r.o.;Bratislava - Staré Mesto;Okres Bratislava I;Bratislavský kraj;0,00;0,00;;;;
VIVAX EuroAsia, s.r.o.;Bratislava - Karlova Ves;Okres Bratislava IV;Bratislavský kraj;0,00;0,00;;;;
ORTOTECH, spol. s r.o.;Banská Bystrica;Okres Banská Bystrica;Banskobystrický kraj;0,00;0,00;;;;
MKpharm, spol. s r. o.;Prešov;Okres Prešov;Prešovský kraj;0,00;0,00;;;;
FARMATRA spol. s r.o.;Prešov;Okres Prešov;Prešovský kraj;0,00;0,00;;;;
PHARMACOPOLA, spol. s r.o.;Žiar nad Hronom;Okres Žiar nad Hronom;Banskobystrický kraj;0,00;0,00;;;;
TIMED, s.r.o.;Bratislava - Ružinov;Okres Bratislava II;Bratislavský kraj;0,00;0,00;;;;
FARMIX, spol. s r.o.;Prešov;Okres Prešov;Prešovský kraj;0,00;0,00;;;;
FARMANOV, spol. s r.o. ;Prešov;Okres Prešov;Prešovský kraj;0,00;0,00;;;;
BAPHARM spol. s r.o.;Prešov;Okres Prešov;Prešovský kraj;0,00;0,00;;;;
VERO PHARM, s.r.o.;Piešťany;Okres Piešťany;Trnavský kraj;0,00;0,00;;;;
MVDr. Igor Rohoň, Farmake Plus s.r.o.;Prešov;Okres Prešov;Prešovský kraj;0,00;0,00;;;;
Lekáreň Tesco Trnava, k. s.;Košice - Juh;Okres Košice IV;Košický kraj;0,00;0,00;;;;
Lekáreň ALBA-PharmDr. Marta Focková;Snina;Okres Snina;Prešovský kraj;0,00;0,00;;;;
Lekáreň Tesco Trenčín, s.r.o.;Košice - Juh;Okres Košice IV;Košický kraj;0,00;0,00;;;;
LEKÁREŇ NITRIANSKE RUDNO s. r. o.;Nitrianske Rudno;Okres Prievidza;Trenčiansky kraj;0,00;0,00;;;;
FARMAMEX, spol. s r.o.;Prešov;Okres Prešov;Prešovský kraj;0,00;0,00;;;;
ELANFIT s.r.o. - Mgr. Katarína Knotková;Gbely;Okres Skalica;Trnavský kraj;0,00;0,00;;;;
V.R.P. ZDRAVIE s.r.o.;Malacky;Okres Malacky;Bratislavský kraj;0,00;0,00;;;;
MVDr. Igor Rohoň, Medpartner s.r.o.;Prešov;Okres Prešov;Prešovský kraj;0,00;0,00;;;;
JERA s.r.o.;Bánov;Okres Nové Zámky;Nitriansky kraj;0,00;0,00;;;;
Mgr. Hana Gombošová-lekáreň Kamilka;Vinné;Okres Michalovce;Košický kraj;0,00;0,00;;;;
Detská fakultná nemocnica Košice;Košice - Západ;Okres Košice II;Košický kraj;0,00;0,00;;;;
FARMAKOŠ, spol. s r.o.;Prešov;Okres Prešov;Prešovský kraj;0,00;0,00;;;;
TALENT PLUS, spol. s r.o.;Prešov;Okres Prešov;Prešovský kraj;0,00;0,00;;;;
TILIA-MI, s.r.o.;Michalovce;Okres Michalovce;Košický kraj;0,00;0,00;;;;
FARMATOP, spol. s r.o.;Prešov;Okres Prešov;Prešovský kraj;0,00;0,00;;;;
Farmsvik, spol. s ručením obmedzeným Prešov;Prešov;Okres Prešov;Prešovský kraj;0,00;0,00;;;;
Mgr. Alica Belovičová;Šaľa;Okres Šaľa;Nitriansky kraj;0,00;0,00;;;;
Pharma, spol. s r.o.;Prešov;Okres Prešov;Prešovský kraj;0,00;0,00;;;;
FARMALEX, spol. s r.o.;Prešov;Okres Prešov;Prešovský kraj;0,00;0,00;;;;
ARNICA PLUS, spol. s r.o.;Prešov;Okres Prešov;Prešovský kraj;0,00;0,00;;;;
Farmex, spol. s r.o.;Prešov;Okres Prešov;Prešovský kraj;0,00;0,00;;;;
MI pharma s.r.o.;Prešov;Okres Prešov;Prešovský kraj;0,00;0,00;;;;
PE pharm spol. s r.o.;Prešov;Okres Prešov;Prešovský kraj;0,00;0,00;;;;
FARMAVA, spol. s r.o.;Prešov;Okres Prešov;Prešovský kraj;0,00;0,00;;;;
PLUS, spol. s r.o.;Prešov;Okres Prešov;Prešovský kraj;0,00;0,00;;;;
PANMED.SK s.r.o. ;Bratislava - Ružinov;Okres Bratislava II;Bratislavský kraj;0,00;0,00;;;;
OrtoFit, s.r.o.;Bratislava - Petržalka;Okres Bratislava V;Bratislavský kraj;0,00;0,00;;;;
PHARMACY - MC, spol. s r.o.;Prešov;Okres Prešov;Prešovský kraj;0,00;0,00;;;;
7R PANMED, s.r.o.;Bratislava - Ružinov;Okres Bratislava II;Bratislavský kraj;0,00;0,00;;;;
KK pharm, s.r.o.;Prešov;Okres Prešov;Prešovský kraj;0,00;0,00;;;;
AUDIOFON, s.r.o.;Banská Bystrica;Okres Banská Bystrica;Banskobystrický kraj;0,00;0,00;;;;
IM Pharma, spol. s r.o.;Prešov;Okres Prešov;Prešovský kraj;0,00;0,00;;;;
FARMAVES, spol. s r.o.;Prešov;Okres Prešov;Prešovský kraj;0,00;0,00;;;;
LM pharm spol. s r.o.;Prešov;Okres Prešov;Prešovský kraj;0,00;0,00;;;;
Lekáreň Idea s.r.o.;Prešov;Okres Prešov;Prešovský kraj;0,00;0,00;;;;
Biotika, a.s.;Slovenská Ľupča;Okres Banská Bystrica;Banskobystrický kraj;0,00;0,00;;;;
FARMASAB, spol. s r. o.;Prešov;Okres Prešov;Prešovský kraj;0,00;0,00;;;;
INTRAVENA s.r.o.;Prešov;Okres Prešov;Prešovský kraj;0,00;0,00;;;;
MVDr. Igor Rohoň, Farmake s.r.o.;Prešov;Okres Prešov;Prešovský kraj;0,00;0,00;;;;
PharmDr. Viera Albertová Lekáreň Polianka;Jesenské;Okres Rimavská Sobota;Banskobystrický kraj;0,00;0,00;;;;
Eleonóra Kalačová;Topoľčany;Okres Topoľčany;Nitriansky kraj;0,00;0,00;;;;
FARMADEX, spol. s r.o.;Prešov;Okres Prešov;Prešovský kraj;0,00;0,00;;;;
Lekáreň Tesco Zvolen, k. s.;Košice - Juh;Okres Košice IV;Košický kraj;0,00;0,00;;;;
Lekáreň Tesco Banská Bystrica, k. s.;Košice - Juh;Okres Košice IV;Košický kraj;0,00;0,00;;;;
PharmDr. Ivica Blahútová, LEKÁREŇ TÍLIA 3;Likavka;Okres Ružomberok;Žilinský kraj;0,00;0,00;;;;
WALMARK, s.r.o. ;Žilina;Okres Žilina;Žilinský kraj;0,00;0,00;;;;
Lekáreň Tesco Prešov Vukov, k. s.;Košice - Juh;Okres Košice IV;Košický kraj;0,00;0,00;;;;
FARMAPP, spol. s r.o.;Prešov;Okres Prešov;Prešovský kraj;0,00;0,00;;;;
FARMAPOL, spol. s r.o.;Prešov;Okres Prešov;Prešovský kraj;0,00;0,00;;;;
